ID,Age,Gender,Income,Employment_Status,Marital_Status,Education_Level,Credit_Score,Loan_Default,Credit_Cards_Held,Annual_Expenses,Num_Bank_Accounts,Region,Approved,Application_Date
CUST1000,55,Female,90559,Unknown,Single,Unknown,480,Unknown,7,10622,2,East,Unknown,29-12-2022
CUST1001,68,Female,137015,Unknown,Divorced,Unknown,598,Unknown,5,62174,0,North,Unknown,30-05-2023
CUST1002,45,Female,55648,Student,Divorced,Unknown,764,Yes,0,34265,2,East,Yes,26-03-2023
CUST1003,31,Other,51873,Self-employed,Single,Bachelor,372,Unknown,6,50349,2,North,Unknown,11-10-2022
CUST1004,59,Male,130307,Unknown,Unknown,Unknown,744,Unknown,5,77095,1,Unknown,Yes,27-09-2023
CUST1005,24,Unknown,132720,Unknown,Widowed,Bachelor,700,No,6,76916,4,Unknown,Yes,16-04-2022
CUST1006,37,Female,94976,Student,Single,Unknown,571,Unknown,1,47598,1,Unknown,Unknown,21-11-2022
CUST1007,55,Unknown,133618,Student,Unknown,Unknown,776,Unknown,5,61827,5,West,Unknown,01-12-2022
CUST1008,35,Female,30581,Employed,Single,Bachelor,478,Unknown,8,92924,2,West,Unknown,22-05-2022
CUST1009,39,Unknown,115947,Employed,Single,PhD,425,Unknown,7,39159,0,West,Unknown,19-09-2023
CUST1010,27,Other,101357,Unknown,Married,Unknown,613,Unknown,1,17940,2,Unknown,Unknown,07-10-2023
CUST1011,27,Unknown,138322,Unknown,Unknown,Master,360,Yes,8,24023,4,South,Yes,15-03-2023
CUST1012,40,Unknown,30953,Student,Widowed,Unknown,717,Unknown,4,86395,1,Unknown,No,11-04-2023
CUST1013,69,Male,137157,Unknown,Married,PhD,546,No,0,79024,0,Unknown,No,02-08-2021
CUST1014,52,Unknown,69129,Unknown,Single,Bachelor,764,Unknown,0,26398,2,East,Unknown,18-06-2021
CUST1015,56,Unknown,95553,Unemployed,Unknown,PhD,756,Yes,3,27616,3,Unknown,Yes,05-09-2023
CUST1016,40,Male,16640,Employed,Single,High School,713,Yes,3,7159,4,Unknown,No,26-05-2021
CUST1017,19,Unknown,77364,Unknown,Single,High School,684,Yes,5,50201,4,North,No,31-05-2022
CUST1018,38,Female,130993,Student,Unknown,Unknown,722,Yes,0,52645,3,North,No,29-03-2022
CUST1019,69,Unknown,56167,Unknown,Unknown,Unknown,689,Yes,9,57248,2,North,Yes,01-03-2021
CUST1020,18,Male,65029,Student,Married,Master,584,No,5,9922,4,Unknown,Unknown,12-06-2022
CUST1021,40,Other,116661,Unemployed,Widowed,Unknown,415,Unknown,3,62174,0,South,Unknown,21-10-2023
CUST1022,60,Male,135816,Unknown,Married,PhD,431,Yes,4,86720,2,East,Unknown,19-04-2022
CUST1023,46,Other,123824,Unknown,Divorced,High School,427,Yes,6,90761,2,East,Unknown,27-01-2023
CUST1024,54,Unknown,146156,Student,Single,Unknown,612,Unknown,8,50264,1,Unknown,Unknown,21-02-2023
CUST1025,18,Female,107883,Employed,Unknown,Unknown,700,No,2,94385,4,South,Unknown,09-03-2022
CUST1026,37,Male,59138,Unemployed,Single,PhD,428,No,5,80242,4,South,Yes,05-02-2022
CUST1027,49,Unknown,95956,Unknown,Single,Unknown,581,Unknown,4,65610,3,East,No,26-02-2021
CUST1028,28,Unknown,71246,Unemployed,Married,Unknown,612,No,8,21574,1,West,No,30-09-2023
CUST1029,38,Male,39430,Employed,Unknown,High School,588,Unknown,0,59970,5,North,Yes,05-07-2021
CUST1030,60,Unknown,104006,Unknown,Unknown,High School,493,Unknown,6,80483,1,North,Yes,02-02-2022
CUST1031,41,Male,30581,Unemployed,Unknown,Unknown,845,Unknown,8,88286,4,East,Unknown,28-08-2022
CUST1032,65,Other,56167,Self-employed,Married,Bachelor,847,Unknown,7,56137,2,South,Unknown,27-02-2023
CUST1033,43,Male,129614,Employed,Single,Unknown,412,Yes,3,88087,1,Unknown,Unknown,07-06-2021
CUST1034,58,Male,36385,Employed,Married,Unknown,517,Yes,8,80318,3,West,Unknown,12-08-2022
CUST1035,44,Male,35559,Employed,Unknown,Unknown,757,Unknown,2,63502,1,East,Yes,11-04-2022
CUST1036,32,Unknown,72823,Self-employed,Unknown,Master,594,Unknown,4,95436,3,North,Unknown,22-03-2022
CUST1037,31,Male,55084,Self-employed,Married,Master,713,No,6,43498,5,Unknown,No,12-03-2023
CUST1038,63,Unknown,125374,Student,Unknown,Master,368,Unknown,9,52645,1,South,Yes,18-07-2023
CUST1039,67,Other,107768,Unknown,Single,Bachelor,318,No,1,49130,3,Unknown,Yes,17-01-2021
CUST1040,60,Other,48000,Unemployed,Married,Bachelor,512,Unknown,8,35341,1,Unknown,No,01-01-2023
CUST1041,68,Male,79298,Student,Married,Unknown,640,Unknown,9,37966,5,East,Unknown,22-11-2021
CUST1042,19,Unknown,33051,Unemployed,Married,Master,702,Yes,9,71151,1,North,Unknown,22-09-2023
CUST1043,53,Unknown,74929,Unknown,Divorced,Bachelor,569,No,2,11470,0,West,No,05-09-2022
CUST1044,67,Unknown,66276,Self-employed,Unknown,High School,480,Unknown,2,76042,3,Unknown,No,30-06-2022
CUST1045,23,Male,112471,Unknown,Unknown,Unknown,676,Unknown,2,49439,5,West,Unknown,19-08-2022
CUST1046,37,Other,126739,Self-employed,Widowed,Unknown,346,Unknown,2,24880,3,Unknown,Yes,10-07-2023
CUST1047,25,Unknown,138377,Unknown,Unknown,PhD,653,Yes,7,92134,3,North,Unknown,22-04-2023
CUST1048,55,Male,57837,Student,Widowed,Unknown,368,No,1,77013,0,Unknown,No,10-12-2021
CUST1049,34,Unknown,44636,Unknown,Divorced,PhD,737,No,3,96319,5,Unknown,Unknown,09-05-2023
CUST1050,20,Unknown,111332,Student,Married,Master,310,Unknown,4,19678,1,West,No,21-03-2022
CUST1051,41,Other,93807,Unemployed,Divorced,PhD,496,No,6,75211,3,West,Unknown,10-08-2021
CUST1052,30,Female,112665,Student,Divorced,Master,553,Unknown,4,76154,4,Unknown,Unknown,15-08-2022
CUST1053,66,Unknown,26032,Employed,Single,High School,703,Yes,1,13802,0,North,Unknown,28-10-2023
CUST1054,25,Unknown,115865,Unemployed,Unknown,PhD,496,No,4,44255,0,West,No,15-10-2023
CUST1055,42,Other,10526,Unknown,Widowed,Unknown,340,Unknown,2,88434,3,East,Unknown,16-01-2021
CUST1056,69,Unknown,57837,Unemployed,Married,Master,360,Unknown,2,55494,3,Unknown,Yes,08-06-2022
CUST1057,18,Male,76262,Unknown,Widowed,Unknown,436,Unknown,4,35951,0,Unknown,Unknown,14-03-2023
CUST1058,36,Unknown,43742,Self-employed,Unknown,Bachelor,824,No,5,31026,1,South,Unknown,21-01-2021
CUST1059,44,Other,114101,Unknown,Widowed,Master,425,Yes,9,76894,4,South,Yes,16-08-2021
CUST1060,63,Unknown,77364,Unemployed,Unknown,PhD,547,No,9,68212,0,North,No,05-10-2023
CUST1061,23,Unknown,133786,Unknown,Unknown,Master,340,No,8,40340,3,East,Unknown,20-03-2023
CUST1062,60,Unknown,46062,Unknown,Unknown,Unknown,698,Unknown,1,11221,1,West,Unknown,08-02-2022
CUST1063,24,Male,141878,Unknown,Widowed,High School,317,Unknown,7,83291,5,South,Unknown,26-12-2023
CUST1064,63,Unknown,67492,Self-employed,Widowed,Master,667,No,5,12235,4,North,Yes,13-03-2022
CUST1065,51,Unknown,122855,Student,Unknown,PhD,490,Unknown,2,77013,5,Unknown,Unknown,09-04-2023
CUST1066,30,Female,69129,Unknown,Divorced,Bachelor,408,Unknown,0,77227,4,East,No,23-07-2023
CUST1067,33,Female,42413,Employed,Unknown,Unknown,391,Unknown,2,47543,0,East,Unknown,16-09-2021
CUST1068,52,Female,147717,Unknown,Single,High School,779,Unknown,9,54036,2,North,Unknown,13-04-2021
CUST1069,66,Unknown,119575,Self-employed,Married,Bachelor,461,Yes,7,20187,4,North,Unknown,20-09-2023
CUST1070,56,Other,36737,Unemployed,Widowed,Master,370,Unknown,7,43220,2,West,Yes,08-02-2023
CUST1071,20,Unknown,22857,Self-employed,Married,Unknown,505,Unknown,5,45205,5,North,Yes,24-03-2023
CUST1072,18,Other,95431,Unemployed,Single,Unknown,641,Yes,8,79417,4,West,No,14-08-2021
CUST1073,22,Other,125953,Self-employed,Married,PhD,637,Unknown,1,29162,0,West,No,01-08-2023
CUST1074,58,Female,113320,Unemployed,Single,Unknown,396,Yes,3,93583,0,Unknown,Unknown,08-04-2022
CUST1075,20,Unknown,34442,Unknown,Unknown,High School,328,No,2,90961,0,East,No,25-08-2021
CUST1076,45,Male,91994,Student,Divorced,Unknown,420,Unknown,5,47771,0,Unknown,Unknown,16-11-2023
CUST1077,34,Female,132744,Unemployed,Widowed,PhD,667,Yes,7,31347,0,East,Yes,21-05-2022
CUST1078,42,Female,100827,Unemployed,Single,Unknown,813,Unknown,0,89518,0,East,Yes,25-03-2023
CUST1079,60,Unknown,37856,Employed,Married,Master,702,Yes,6,31299,1,Unknown,Yes,06-02-2023
CUST1080,50,Male,80831,Unemployed,Widowed,Master,602,Unknown,7,48240,4,West,No,26-09-2022
CUST1081,26,Unknown,84744,Employed,Divorced,Unknown,849,No,8,39159,5,West,Yes,18-09-2023
CUST1082,52,Unknown,82847,Unknown,Unknown,Bachelor,408,Yes,8,7887,1,North,Yes,10-09-2022
CUST1083,30,Female,88249,Unknown,Widowed,Master,820,No,7,50039,0,Unknown,Yes,30-09-2021
CUST1084,47,Male,62853,Employed,Single,Unknown,604,Unknown,8,22297,2,North,Unknown,20-08-2021
CUST1085,64,Female,37082,Student,Divorced,Unknown,570,Unknown,5,10730,5,Unknown,Unknown,07-02-2023
CUST1086,31,Other,35559,Unknown,Married,PhD,630,Unknown,7,63755,2,North,No,11-05-2022
CUST1087,24,Female,79274,Employed,Divorced,Unknown,581,No,7,6378,0,South,Yes,14-11-2023
CUST1088,30,Female,38541,Unknown,Divorced,Unknown,688,Unknown,1,18798,3,East,No,17-05-2022
CUST1089,39,Unknown,120091,Unknown,Unknown,Unknown,338,Yes,2,14837,0,East,Yes,25-01-2021
CUST1090,56,Unknown,120904,Unknown,Divorced,Master,493,Yes,0,50246,0,Unknown,Yes,15-10-2021
CUST1091,37,Unknown,96231,Unknown,Divorced,PhD,799,Unknown,8,51216,3,West,Yes,04-12-2021
CUST1092,32,Other,109616,Student,Widowed,Unknown,724,No,1,54002,4,Unknown,No,27-11-2023
CUST1093,61,Unknown,147612,Self-employed,Married,High School,426,No,9,9603,0,South,No,17-05-2021
CUST1094,34,Male,91182,Self-employed,Widowed,PhD,372,Yes,9,85428,2,Unknown,Yes,23-05-2022
CUST1095,63,Unknown,82847,Employed,Widowed,High School,719,Unknown,3,98665,0,East,Unknown,15-08-2021
CUST1096,69,Male,144502,Unknown,Single,Unknown,756,Unknown,3,14190,3,West,No,16-11-2021
CUST1097,40,Male,127832,Employed,Widowed,Bachelor,678,Yes,4,15785,1,South,Unknown,05-07-2023
CUST1098,42,Unknown,77642,Unknown,Unknown,PhD,748,Yes,5,78755,0,East,No,27-03-2021
CUST1099,41,Unknown,130900,Unknown,Unknown,Unknown,568,No,5,66084,2,North,Yes,15-07-2023
CUST1100,61,Unknown,144502,Unemployed,Single,High School,426,Unknown,2,40081,0,Unknown,Unknown,22-02-2021
CUST1101,57,Unknown,143541,Unknown,Unknown,Master,392,Yes,0,54056,0,South,Yes,10-05-2023
CUST1102,45,Other,23350,Unemployed,Married,Master,439,Yes,7,12987,0,West,Unknown,17-05-2023
CUST1103,31,Unknown,133395,Student,Married,Bachelor,793,Unknown,8,57335,4,Unknown,No,09-03-2022
CUST1104,61,Unknown,41575,Employed,Widowed,PhD,613,Yes,0,33022,3,Unknown,No,26-09-2023
CUST1105,45,Other,22342,Student,Widowed,PhD,396,Yes,4,40081,1,South,Yes,10-04-2021
CUST1106,41,Female,26032,Unknown,Unknown,PhD,675,Unknown,9,52645,1,West,Yes,17-09-2023
CUST1107,23,Female,141410,Student,Widowed,Unknown,577,No,9,27092,5,South,Unknown,22-08-2022
CUST1108,25,Other,115373,Student,Married,Bachelor,573,Unknown,2,12235,0,West,Unknown,07-02-2022
CUST1109,40,Other,83781,Student,Divorced,PhD,698,No,1,92980,5,Unknown,Unknown,31-01-2022
CUST1110,45,Unknown,58787,Unknown,Unknown,Unknown,579,Unknown,0,51751,2,East,Unknown,19-02-2022
CUST1111,60,Unknown,44531,Unknown,Divorced,Master,616,Yes,1,65610,0,North,No,28-07-2023
CUST1112,24,Female,60069,Student,Divorced,High School,319,Unknown,3,96873,0,East,Unknown,08-11-2022
CUST1113,40,Unknown,74288,Unemployed,Married,Unknown,506,No,9,61759,0,North,Unknown,08-04-2022
CUST1114,27,Female,21344,Unknown,Divorced,Master,318,Unknown,8,95140,1,Unknown,No,25-06-2022
CUST1115,67,Unknown,116532,Student,Unknown,Master,320,Unknown,4,89101,2,East,No,25-03-2021
CUST1116,33,Unknown,31563,Unknown,Single,High School,613,Unknown,7,34709,3,East,No,28-09-2021
CUST1117,24,Unknown,144092,Unknown,Widowed,Master,534,No,9,70756,2,South,Unknown,01-09-2021
CUST1118,51,Male,56542,Self-employed,Single,Bachelor,834,Unknown,8,63861,0,Unknown,No,23-01-2022
CUST1119,51,Male,109986,Unknown,Unknown,High School,611,Unknown,2,31299,3,Unknown,Yes,02-08-2021
CUST1120,49,Other,12079,Unemployed,Widowed,Master,358,Yes,5,98665,2,West,No,29-03-2023
CUST1121,21,Unknown,62375,Student,Divorced,Unknown,370,Unknown,4,22065,2,Unknown,No,28-02-2021
CUST1122,58,Unknown,99563,Self-employed,Unknown,Unknown,684,Yes,0,88111,3,West,No,02-06-2023
CUST1123,55,Male,71413,Self-employed,Widowed,Master,651,Yes,8,25470,0,West,Unknown,23-04-2023
CUST1124,57,Unknown,148155,Unknown,Unknown,Bachelor,411,Unknown,9,5515,2,North,Unknown,13-07-2023
CUST1125,44,Male,122755,Self-employed,Unknown,PhD,802,Yes,9,5463,3,West,No,03-05-2021
CUST1126,23,Male,65029,Unemployed,Unknown,Master,713,Yes,9,12349,4,West,Unknown,15-03-2022
CUST1127,25,Male,36172,Unemployed,Unknown,PhD,836,Unknown,6,70524,4,South,Yes,19-10-2023
CUST1128,24,Unknown,59138,Employed,Divorced,Unknown,613,Unknown,5,91006,0,East,Yes,16-07-2022
CUST1129,28,Female,71246,Unemployed,Single,Master,711,No,5,64199,3,Unknown,No,28-04-2021
CUST1130,50,Unknown,30953,Unknown,Widowed,High School,392,No,6,92924,4,Unknown,Yes,24-06-2023
CUST1131,49,Unknown,50042,Self-employed,Divorced,PhD,667,No,9,76042,3,West,Unknown,30-01-2022
CUST1132,64,Unknown,131789,Unemployed,Unknown,Unknown,375,Unknown,2,31026,2,Unknown,Unknown,26-05-2023
CUST1133,39,Unknown,44701,Unknown,Single,High School,735,Yes,2,23690,0,Unknown,No,24-07-2023
CUST1134,40,Unknown,86898,Employed,Unknown,High School,718,No,6,18386,4,West,Yes,10-08-2023
CUST1135,53,Unknown,132732,Self-employed,Unknown,High School,414,Unknown,2,54056,5,North,Unknown,16-03-2021
CUST1136,51,Other,60069,Employed,Unknown,High School,782,Yes,3,75832,2,North,Unknown,22-10-2021
CUST1137,60,Unknown,79626,Self-employed,Unknown,Master,407,Unknown,6,76916,5,North,Yes,21-01-2021
CUST1138,56,Unknown,142663,Unknown,Unknown,Unknown,453,No,3,31026,5,West,Unknown,05-11-2023
CUST1139,38,Unknown,16150,Employed,Married,Master,750,Yes,8,26638,0,South,Unknown,14-07-2022
CUST1140,43,Other,103106,Student,Widowed,Master,455,No,2,61759,0,Unknown,No,07-01-2022
CUST1141,51,Other,72768,Unknown,Widowed,Unknown,836,No,4,88791,0,West,Unknown,29-03-2023
CUST1142,45,Unknown,35931,Unknown,Unknown,Unknown,698,No,3,24023,4,South,Yes,29-12-2023
CUST1143,51,Male,48709,Self-employed,Married,Unknown,640,Yes,5,22297,4,South,No,26-04-2023
CUST1144,53,Female,58756,Student,Divorced,Unknown,340,Unknown,8,36973,4,Unknown,Yes,05-06-2022
CUST1145,63,Male,21536,Employed,Divorced,Bachelor,660,Yes,5,62174,3,West,Unknown,06-01-2022
CUST1146,30,Male,116896,Student,Unknown,Unknown,715,No,2,30425,2,West,Yes,11-04-2021
CUST1147,19,Male,21653,Student,Single,Unknown,420,Yes,3,36186,4,South,Yes,23-10-2022
CUST1148,45,Unknown,64620,Employed,Divorced,Unknown,814,Unknown,1,75832,2,South,No,26-08-2023
CUST1149,21,Other,142822,Unknown,Single,Master,749,Unknown,2,20386,0,South,Unknown,31-08-2021
CUST1150,42,Male,95956,Student,Widowed,Master,412,Yes,2,68382,5,Unknown,Yes,23-01-2023
CUST1151,30,Other,133629,Student,Single,Unknown,395,Unknown,1,72163,4,West,No,27-05-2022
CUST1152,55,Unknown,111371,Unknown,Widowed,Bachelor,463,Unknown,8,61827,0,South,Unknown,29-04-2023
CUST1153,43,Female,73230,Student,Married,Bachelor,428,Unknown,3,64123,4,North,No,09-07-2022
CUST1154,25,Unknown,138322,Student,Married,Unknown,630,Unknown,3,93603,0,West,No,14-08-2021
CUST1155,31,Unknown,79626,Student,Unknown,Unknown,598,Yes,9,32856,1,Unknown,Unknown,02-08-2021
CUST1156,31,Unknown,97266,Unknown,Unknown,PhD,770,Unknown,5,48129,0,North,Yes,19-12-2022
CUST1157,42,Female,123824,Unemployed,Unknown,Bachelor,349,No,2,17021,4,East,Unknown,08-03-2021
CUST1158,58,Unknown,62930,Unknown,Divorced,High School,343,Unknown,2,30425,1,West,No,31-01-2022
CUST1159,29,Unknown,50809,Student,Unknown,Master,752,Unknown,7,63861,0,East,Yes,04-09-2022
CUST1160,67,Female,34262,Unknown,Widowed,Unknown,495,Yes,4,34863,3,South,Yes,02-11-2023
CUST1161,48,Female,56167,Unknown,Unknown,High School,634,Unknown,2,29299,4,Unknown,No,09-02-2023
CUST1162,55,Unknown,36385,Self-employed,Single,Unknown,802,Unknown,0,25470,3,South,Yes,11-02-2022
CUST1163,65,Female,67372,Self-employed,Widowed,Master,742,Unknown,4,75474,0,Unknown,No,14-07-2023
CUST1164,68,Unknown,88249,Student,Unknown,Master,612,No,0,46979,4,Unknown,No,09-10-2022
CUST1165,48,Unknown,130900,Unknown,Married,Bachelor,678,Yes,3,14095,5,South,No,10-08-2021
CUST1166,20,Unknown,122360,Unknown,Unknown,Bachelor,588,Yes,4,52766,0,East,Unknown,16-10-2022
CUST1167,46,Male,35559,Unknown,Divorced,High School,551,Unknown,2,11191,1,Unknown,No,04-03-2022
CUST1168,53,Unknown,48000,Unknown,Widowed,Unknown,428,Yes,1,82606,0,South,Unknown,04-09-2023
CUST1169,39,Other,113320,Unknown,Widowed,Master,667,No,5,91006,2,West,Yes,03-10-2023
CUST1170,55,Male,104377,Unknown,Single,High School,583,Unknown,0,18798,0,Unknown,Unknown,06-01-2022
CUST1171,61,Male,79626,Unknown,Divorced,PhD,517,Yes,9,51994,2,Unknown,Yes,30-04-2023
CUST1172,31,Male,138575,Unemployed,Married,High School,818,Unknown,4,61240,2,South,Unknown,06-05-2023
CUST1173,59,Unknown,130993,Unknown,Widowed,Unknown,427,Unknown,2,76139,0,Unknown,Unknown,17-08-2021
CUST1174,45,Unknown,106443,Self-employed,Widowed,High School,426,Unknown,4,90761,1,South,Unknown,07-10-2021
CUST1175,52,Unknown,21653,Unknown,Single,Unknown,749,No,2,10606,0,East,Unknown,07-12-2023
CUST1176,29,Unknown,55028,Unknown,Unknown,Unknown,520,Unknown,2,78755,4,East,Unknown,02-09-2023
CUST1177,48,Unknown,137157,Unknown,Married,Unknown,410,Yes,2,6462,0,Unknown,Yes,28-01-2023
CUST1178,23,Unknown,79274,Unknown,Unknown,PhD,316,Unknown,7,14873,2,Unknown,No,14-11-2023
CUST1179,67,Other,142413,Unemployed,Divorced,High School,569,Unknown,5,6462,0,South,Yes,17-11-2021
CUST1180,38,Unknown,133629,Unemployed,Widowed,High School,568,Unknown,1,53665,0,East,No,01-10-2021
CUST1181,44,Female,104457,Unknown,Widowed,PhD,636,Yes,1,19745,0,East,Yes,10-07-2022
CUST1182,18,Other,17564,Employed,Unknown,Master,351,Yes,4,18851,0,Unknown,Unknown,24-04-2023
CUST1183,58,Unknown,69676,Unknown,Married,Bachelor,504,No,4,25923,1,West,Unknown,30-10-2022
CUST1184,61,Male,46877,Unknown,Unknown,High School,795,Yes,2,35951,5,Unknown,Unknown,27-09-2023
CUST1185,69,Female,44701,Unemployed,Widowed,Bachelor,782,Yes,7,86502,0,North,Unknown,15-01-2022
CUST1186,22,Female,149892,Unemployed,Married,Unknown,476,Unknown,2,92924,0,Unknown,Unknown,12-12-2022
CUST1187,44,Female,53001,Unknown,Unknown,Unknown,789,Unknown,7,25711,2,South,No,16-01-2023
CUST1188,44,Other,106122,Unknown,Single,PhD,541,Unknown,2,15785,4,West,Unknown,06-11-2022
CUST1189,60,Unknown,34262,Unknown,Unknown,Unknown,625,No,0,67532,5,South,No,26-04-2021
CUST1190,60,Unknown,122217,Unemployed,Divorced,Unknown,488,Unknown,0,87508,3,North,Yes,28-08-2022
CUST1191,36,Male,99599,Unknown,Widowed,Master,492,Yes,3,75832,5,West,No,02-12-2023
CUST1192,46,Male,34826,Unknown,Married,Master,749,Unknown,2,7159,5,Unknown,Yes,14-01-2022
CUST1193,27,Female,49974,Student,Single,Master,494,Unknown,5,5178,0,East,No,11-04-2022
CUST1194,44,Male,96988,Employed,Divorced,Unknown,630,No,9,83545,3,Unknown,No,07-10-2021
CUST1195,41,Other,104377,Self-employed,Married,PhD,337,No,3,6605,0,South,Unknown,10-09-2022
CUST1196,55,Unknown,147809,Employed,Married,Unknown,568,Unknown,4,6462,0,North,No,28-04-2021
CUST1197,49,Female,138177,Student,Divorced,Unknown,742,Unknown,8,21574,5,East,Unknown,05-11-2021
CUST1198,45,Male,22984,Self-employed,Single,Bachelor,811,Unknown,2,57719,0,Unknown,Unknown,10-04-2021
CUST1199,43,Other,51786,Unknown,Unknown,Unknown,792,Unknown,0,75474,3,East,Unknown,18-09-2021
CUST1200,68,Other,89148,Student,Single,Unknown,504,Unknown,8,71727,0,Unknown,Unknown,20-09-2023
CUST1201,29,Male,75455,Unknown,Unknown,Master,613,Yes,7,10730,2,Unknown,Yes,13-10-2021
CUST1202,57,Unknown,29541,Unemployed,Widowed,Master,372,Yes,8,98665,1,West,No,24-11-2021
CUST1203,19,Male,31563,Unknown,Divorced,Unknown,613,Unknown,5,54630,1,East,Yes,04-03-2021
CUST1204,55,Female,84744,Student,Unknown,Bachelor,412,No,2,55383,0,East,No,18-11-2022
CUST1205,22,Male,115595,Unemployed,Divorced,High School,491,Yes,1,16781,3,East,Unknown,08-01-2023
CUST1206,24,Other,102124,Student,Divorced,Bachelor,316,Yes,8,68382,4,West,Unknown,28-10-2023
CUST1207,43,Male,98929,Student,Single,Bachelor,754,Yes,1,59970,0,North,No,01-10-2022
CUST1208,25,Unknown,85932,Unemployed,Widowed,PhD,465,Unknown,7,75211,4,Unknown,No,25-07-2023
CUST1209,53,Unknown,99599,Self-employed,Unknown,Unknown,843,Unknown,3,66826,4,Unknown,Unknown,21-04-2022
CUST1210,49,Male,116532,Employed,Married,PhD,446,Unknown,1,65758,3,East,Unknown,22-02-2021
CUST1211,67,Unknown,135991,Unknown,Married,Bachelor,845,No,3,91126,4,West,Yes,24-01-2023
CUST1212,58,Unknown,12719,Student,Divorced,Bachelor,666,No,0,25039,2,North,Unknown,01-05-2022
CUST1213,60,Other,95708,Unknown,Widowed,Bachelor,434,No,9,20386,3,Unknown,No,13-02-2022
CUST1214,40,Unknown,119996,Unknown,Unknown,Unknown,351,No,2,70431,0,West,Yes,28-10-2023
CUST1215,31,Unknown,99186,Unemployed,Single,PhD,641,Yes,8,80163,5,Unknown,No,30-10-2022
CUST1216,48,Unknown,37082,Unknown,Widowed,Bachelor,773,Yes,0,80242,2,Unknown,Unknown,15-04-2023
CUST1217,48,Unknown,34442,Unemployed,Widowed,Master,589,Unknown,0,57335,0,Unknown,Yes,26-05-2023
CUST1218,40,Female,80316,Unknown,Single,Unknown,373,Unknown,6,66822,1,East,No,02-01-2022
CUST1219,57,Female,101659,Employed,Divorced,Unknown,666,No,2,43196,0,Unknown,Unknown,29-09-2023
CUST1220,68,Other,14853,Employed,Widowed,Master,331,Unknown,5,84854,0,North,Unknown,07-09-2021
CUST1221,65,Male,86898,Employed,Married,Unknown,719,Yes,3,65430,0,West,No,15-01-2022
CUST1222,65,Unknown,16960,Employed,Single,Unknown,752,Yes,9,52204,2,North,Yes,22-05-2023
CUST1223,68,Male,101357,Employed,Unknown,Unknown,638,Unknown,6,55494,0,East,No,15-04-2023
CUST1224,28,Male,73888,Employed,Unknown,High School,320,Unknown,2,68212,5,North,Unknown,14-02-2023
CUST1225,55,Other,11759,Unemployed,Divorced,High School,617,Unknown,9,42344,3,North,Yes,08-07-2023
CUST1226,18,Unknown,89148,Student,Single,High School,761,Unknown,5,9239,0,South,Unknown,31-03-2022
CUST1227,19,Unknown,45954,Unknown,Unknown,Unknown,422,Yes,3,43185,2,North,No,01-01-2022
CUST1228,65,Unknown,116896,Employed,Unknown,Unknown,394,Yes,2,79417,0,Unknown,Unknown,07-02-2022
CUST1229,53,Male,74772,Unemployed,Unknown,Unknown,427,Unknown,5,76576,1,West,Unknown,27-02-2021
CUST1230,65,Male,99613,Unemployed,Widowed,Unknown,507,No,8,19506,0,South,No,05-06-2022
CUST1231,33,Female,94082,Unemployed,Unknown,Master,613,Unknown,0,18386,3,West,No,29-07-2021
CUST1232,65,Unknown,138575,Student,Widowed,Unknown,711,Unknown,2,9603,4,West,No,01-12-2023
CUST1233,18,Female,117309,Unknown,Widowed,Master,836,Unknown,2,75714,1,East,Yes,27-03-2023
CUST1234,18,Female,75455,Student,Single,High School,835,Unknown,9,76042,0,East,Unknown,22-06-2021
CUST1235,44,Female,122755,Self-employed,Single,High School,514,Unknown,2,30363,5,South,Unknown,22-08-2021
CUST1236,39,Other,146727,Unemployed,Divorced,Unknown,576,Unknown,3,6515,1,Unknown,Unknown,04-03-2023
CUST1237,53,Other,57924,Self-employed,Widowed,High School,321,Yes,8,51418,4,East,No,04-03-2023
CUST1238,48,Female,78577,Unknown,Unknown,Unknown,529,No,5,68772,0,East,Unknown,29-11-2023
CUST1239,49,Unknown,23350,Employed,Married,Bachelor,779,Unknown,0,47543,2,East,No,29-04-2021
CUST1240,45,Male,62487,Employed,Divorced,Bachelor,624,Unknown,8,76154,0,West,Yes,01-12-2021
CUST1241,35,Unknown,142596,Student,Single,PhD,824,No,6,32672,3,South,Unknown,20-11-2021
CUST1242,18,Unknown,144092,Unknown,Unknown,Unknown,434,Unknown,2,5731,0,West,No,08-10-2023
CUST1243,69,Other,42733,Self-employed,Divorced,PhD,813,No,1,82506,0,Unknown,No,11-10-2021
CUST1244,60,Male,37083,Unknown,Divorced,PhD,565,No,8,85158,0,West,Unknown,01-08-2021
CUST1245,42,Male,24596,Student,Divorced,Bachelor,638,Unknown,9,5066,3,Unknown,Unknown,18-07-2023
CUST1246,48,Unknown,135150,Employed,Divorced,Unknown,658,Yes,6,59970,0,North,Yes,22-01-2023
CUST1247,22,Unknown,58874,Unknown,Married,Bachelor,780,Unknown,0,25923,4,North,Unknown,05-12-2021
CUST1248,48,Female,41575,Unknown,Unknown,PhD,497,Unknown,9,86417,4,Unknown,No,12-11-2023
CUST1249,20,Other,136267,Employed,Unknown,Unknown,436,Unknown,9,76833,3,Unknown,Unknown,15-04-2021
CUST1250,27,Other,32431,Self-employed,Unknown,PhD,414,No,1,18851,1,West,No,09-02-2023
CUST1251,33,Unknown,52520,Employed,Widowed,Unknown,453,No,1,82506,3,Unknown,Yes,17-12-2022
CUST1252,54,Female,79626,Unknown,Unknown,Unknown,384,Yes,8,10974,1,South,Unknown,02-02-2023
CUST1253,40,Female,55186,Self-employed,Unknown,Unknown,568,Unknown,9,66360,0,North,Yes,14-01-2022
CUST1254,21,Female,56542,Self-employed,Divorced,PhD,520,Unknown,2,86010,1,North,Unknown,14-12-2022
CUST1255,68,Female,85897,Employed,Divorced,Unknown,436,No,4,31347,0,Unknown,Unknown,13-08-2021
CUST1256,50,Other,93559,Unknown,Unknown,Master,426,Yes,0,35480,0,Unknown,Unknown,08-01-2023
CUST1257,22,Other,97127,Student,Unknown,Bachelor,662,Unknown,2,8084,5,East,Yes,24-08-2021
CUST1258,38,Female,51755,Unknown,Divorced,PhD,637,No,0,78762,2,East,Unknown,02-07-2021
CUST1259,27,Unknown,149777,Unemployed,Widowed,Unknown,773,Unknown,4,56322,0,Unknown,Yes,13-12-2022
CUST1260,64,Male,30953,Unknown,Single,Bachelor,742,Yes,2,48894,1,South,Unknown,20-03-2022
CUST1261,32,Male,109608,Student,Single,Bachelor,677,Yes,4,67320,2,East,Unknown,15-09-2022
CUST1262,49,Unknown,49499,Self-employed,Unknown,Bachelor,611,Unknown,7,40340,2,Unknown,Unknown,27-10-2023
CUST1263,25,Female,55084,Student,Married,Master,397,Unknown,8,27504,0,Unknown,Unknown,19-01-2023
CUST1264,22,Other,45488,Self-employed,Unknown,High School,782,Unknown,8,87508,3,South,Unknown,04-06-2021
CUST1265,32,Male,80316,Self-employed,Unknown,PhD,551,No,6,14837,3,South,Unknown,14-09-2021
CUST1266,45,Unknown,97312,Student,Single,High School,547,Unknown,2,92939,4,West,Unknown,23-08-2021
CUST1267,19,Unknown,132720,Self-employed,Divorced,High School,392,No,6,88286,2,South,Unknown,15-05-2022
CUST1268,36,Unknown,57057,Self-employed,Unknown,High School,474,Unknown,7,61759,0,East,Unknown,16-10-2021
CUST1269,52,Female,104914,Unemployed,Divorced,Bachelor,394,Unknown,4,68212,5,East,No,25-05-2022
CUST1270,35,Male,142413,Unknown,Divorced,Unknown,351,No,8,50264,3,Unknown,Unknown,10-12-2022
CUST1271,42,Female,87454,Unknown,Married,Bachelor,372,Unknown,3,76138,5,Unknown,No,24-02-2023
CUST1272,19,Male,45367,Unknown,Divorced,Bachelor,784,Unknown,4,46850,0,South,Unknown,13-06-2023
CUST1273,35,Unknown,97833,Unknown,Single,Unknown,474,Unknown,4,30791,0,Unknown,Unknown,15-02-2023
CUST1274,36,Unknown,17906,Unemployed,Widowed,Unknown,396,Unknown,7,68772,2,North,No,25-10-2021
CUST1275,48,Unknown,104914,Unknown,Widowed,High School,536,Yes,2,57349,5,West,No,17-05-2021
CUST1276,23,Female,55028,Student,Unknown,Bachelor,804,No,0,12987,4,North,Yes,11-01-2022
CUST1277,68,Unknown,142351,Employed,Unknown,High School,547,No,9,74453,2,South,Unknown,28-03-2021
CUST1278,57,Female,104006,Employed,Single,Unknown,480,Unknown,9,41444,0,South,Unknown,13-03-2022
CUST1279,49,Unknown,105081,Employed,Divorced,Unknown,427,Unknown,7,85428,5,North,Yes,03-02-2023
CUST1280,56,Other,66985,Unemployed,Widowed,PhD,512,Yes,0,45581,3,West,Yes,03-12-2022
CUST1281,55,Other,96206,Unemployed,Single,High School,318,Unknown,8,57091,3,North,Unknown,31-07-2023
CUST1282,34,Other,136678,Self-employed,Widowed,Unknown,843,Unknown,7,20240,3,Unknown,Yes,01-06-2021
CUST1283,56,Other,147612,Employed,Divorced,PhD,803,Unknown,0,33756,1,East,Unknown,29-10-2023
CUST1284,45,Male,71268,Student,Widowed,Master,794,Unknown,6,34831,0,Unknown,Yes,18-03-2023
CUST1285,27,Other,142632,Unknown,Unknown,High School,568,Unknown,7,31347,2,Unknown,Unknown,23-08-2021
CUST1286,44,Unknown,124130,Student,Unknown,High School,789,No,8,12987,3,East,Unknown,06-11-2022
CUST1287,41,Unknown,71268,Unknown,Unknown,Master,436,Unknown,7,96563,0,Unknown,Unknown,15-07-2022
CUST1288,66,Male,129771,Employed,Unknown,Master,539,No,8,89817,3,Unknown,Unknown,07-02-2021
CUST1289,39,Other,132720,Employed,Widowed,High School,630,Unknown,7,54556,4,Unknown,No,02-04-2023
CUST1290,47,Other,34826,Employed,Single,Master,813,Unknown,0,8956,0,South,Unknown,25-02-2022
CUST1291,46,Other,130307,Unemployed,Unknown,Bachelor,328,Yes,2,81106,5,Unknown,Unknown,14-12-2021
CUST1292,58,Unknown,15626,Unknown,Single,PhD,534,Unknown,5,51751,0,West,Unknown,18-01-2023
CUST1293,51,Female,105081,Unemployed,Single,PhD,793,Unknown,0,43220,5,North,Yes,30-09-2021
CUST1294,23,Unknown,53642,Unemployed,Widowed,PhD,436,Unknown,2,13802,5,West,No,04-11-2021
CUST1295,32,Female,136209,Unknown,Single,Bachelor,582,Unknown,1,97588,2,North,Unknown,03-09-2023
CUST1296,42,Other,34860,Student,Unknown,Master,674,Unknown,2,11008,1,Unknown,Yes,03-01-2023
CUST1297,64,Other,78344,Student,Divorced,Unknown,460,Unknown,6,47814,5,Unknown,Yes,30-10-2023
CUST1298,68,Unknown,14853,Self-employed,Unknown,Master,779,Unknown,4,61344,5,North,Yes,20-03-2022
CUST1299,65,Unknown,138232,Unemployed,Divorced,High School,395,No,9,47598,2,West,No,09-02-2022
CUST1300,18,Female,12396,Unknown,Single,Unknown,360,Yes,0,92134,3,North,Yes,03-05-2023
CUST1301,45,Unknown,59153,Unknown,Divorced,PhD,626,Yes,7,85863,4,Unknown,No,17-02-2023
CUST1302,64,Female,45367,Unknown,Unknown,Master,570,Unknown,0,77573,0,South,Unknown,25-04-2021
CUST1303,28,Unknown,39430,Student,Unknown,Unknown,520,No,3,45025,2,Unknown,Yes,06-03-2021
CUST1304,21,Unknown,65337,Unemployed,Single,High School,573,Unknown,2,48254,1,South,Unknown,05-04-2023
CUST1305,53,Male,14425,Self-employed,Widowed,Bachelor,506,No,5,67217,2,Unknown,Yes,27-08-2021
CUST1306,48,Unknown,24596,Unemployed,Divorced,Bachelor,564,Unknown,6,25923,0,Unknown,Unknown,29-10-2021
CUST1307,25,Male,144055,Employed,Widowed,Unknown,787,No,3,22010,3,Unknown,Unknown,27-08-2023
CUST1308,57,Unknown,65337,Unemployed,Widowed,High School,546,No,8,65430,3,Unknown,Yes,04-01-2022
CUST1309,51,Female,28639,Employed,Married,PhD,488,No,3,20187,5,Unknown,Unknown,21-08-2021
CUST1310,35,Female,92711,Employed,Single,Master,520,Yes,0,17720,3,East,No,14-07-2021
CUST1311,64,Male,109616,Self-employed,Unknown,High School,770,No,6,40081,3,South,No,26-06-2023
CUST1312,32,Female,65029,Unknown,Unknown,Bachelor,607,Unknown,0,98309,3,South,Yes,02-11-2023
CUST1313,19,Unknown,127832,Student,Unknown,Unknown,780,Unknown,8,46850,3,East,No,10-07-2023
CUST1314,36,Other,132413,Unemployed,Single,Unknown,581,Unknown,4,92029,0,West,No,20-11-2022
CUST1315,40,Male,95956,Employed,Unknown,Master,396,No,6,76916,1,South,Unknown,26-06-2021
CUST1316,49,Female,43039,Unemployed,Unknown,Unknown,827,Unknown,4,30791,5,North,Yes,05-08-2021
CUST1317,40,Male,133629,Unknown,Single,Unknown,843,Unknown,2,41444,3,Unknown,Unknown,01-11-2023
CUST1318,68,Male,60106,Student,Unknown,High School,722,Unknown,2,47614,5,Unknown,Yes,22-09-2022
CUST1319,27,Other,84744,Unknown,Widowed,PhD,795,Yes,4,34793,1,East,No,13-06-2021
CUST1320,65,Unknown,71268,Student,Divorced,Master,604,Unknown,2,35607,4,South,Unknown,22-02-2021
CUST1321,24,Male,140406,Unknown,Divorced,High School,539,No,6,40081,3,West,Yes,06-08-2021
CUST1322,52,Female,17657,Student,Unknown,PhD,316,Unknown,7,55906,5,South,Yes,26-09-2023
CUST1323,54,Unknown,125953,Self-employed,Married,High School,674,Unknown,2,98368,2,Unknown,No,04-04-2023
CUST1324,56,Male,16368,Unknown,Unknown,Unknown,813,Yes,2,73472,5,Unknown,No,20-01-2022
CUST1325,36,Male,61226,Employed,Unknown,High School,708,Unknown,2,31478,3,North,Yes,25-02-2021
CUST1326,51,Other,118737,Unknown,Unknown,Unknown,640,Unknown,0,88286,0,East,No,28-04-2021
CUST1327,64,Unknown,84553,Self-employed,Widowed,PhD,498,Unknown,4,10974,0,Unknown,No,19-06-2023
CUST1328,41,Unknown,45488,Unemployed,Unknown,Master,372,Yes,1,10730,2,West,No,09-03-2023
CUST1329,51,Female,15109,Unknown,Divorced,Master,702,Yes,5,93583,2,Unknown,No,19-02-2023
CUST1330,41,Unknown,40448,Employed,Widowed,PhD,408,Unknown,9,35734,0,Unknown,No,13-10-2023
CUST1331,45,Female,106731,Student,Single,Unknown,337,No,9,83291,3,West,Unknown,14-03-2023
CUST1332,34,Unknown,100093,Employed,Unknown,Bachelor,617,Unknown,3,31478,0,Unknown,No,25-04-2023
CUST1333,62,Female,113320,Unemployed,Unknown,High School,827,No,2,77833,2,East,Unknown,05-05-2023
CUST1334,34,Other,58874,Unknown,Single,Unknown,718,Unknown,3,40081,0,Unknown,Yes,09-12-2022
CUST1335,18,Other,51755,Unknown,Unknown,Unknown,798,Unknown,6,40340,2,South,Unknown,22-01-2021
CUST1336,51,Other,45488,Unknown,Single,PhD,427,No,1,70524,3,Unknown,Unknown,23-04-2023
CUST1337,32,Other,132720,Unknown,Widowed,High School,688,Unknown,5,42344,4,East,No,11-07-2021
CUST1338,57,Unknown,95553,Unknown,Divorced,Master,454,Unknown,4,55971,2,South,Yes,16-10-2023
CUST1339,52,Unknown,111332,Unknown,Single,Bachelor,423,Unknown,2,15304,4,South,Unknown,31-01-2022
CUST1340,49,Female,71916,Unknown,Married,Unknown,565,Unknown,5,90761,2,Unknown,No,28-10-2023
CUST1341,20,Female,101748,Student,Single,Master,428,Unknown,5,25039,1,East,Yes,02-10-2022
CUST1342,49,Other,61474,Self-employed,Unknown,PhD,727,Unknown,2,74322,3,Unknown,No,16-10-2023
CUST1343,30,Other,69676,Unknown,Widowed,High School,576,Unknown,7,60798,0,Unknown,No,21-07-2022
CUST1344,37,Male,131789,Unknown,Unknown,PhD,814,Unknown,4,62174,4,West,No,19-08-2021
CUST1345,64,Unknown,34826,Self-employed,Widowed,High School,704,Yes,0,90058,0,South,No,24-05-2023
CUST1346,36,Unknown,51755,Employed,Unknown,Unknown,824,No,3,12533,3,Unknown,No,28-07-2022
CUST1347,24,Female,35559,Unknown,Single,Bachelor,700,Yes,9,25039,5,South,No,28-08-2021
CUST1348,23,Male,60861,Student,Divorced,Unknown,438,No,2,57248,0,East,No,31-03-2021
CUST1349,19,Male,51873,Unknown,Married,Unknown,538,No,5,40081,3,North,Unknown,20-08-2021
CUST1350,33,Female,112665,Unknown,Widowed,PhD,463,Unknown,6,11869,0,Unknown,Unknown,02-04-2022
CUST1351,49,Unknown,64028,Unemployed,Unknown,Bachelor,651,No,9,11869,4,Unknown,Unknown,21-08-2021
CUST1352,64,Male,86218,Unemployed,Unknown,High School,713,Yes,9,75219,1,Unknown,No,20-12-2021
CUST1353,28,Male,64615,Unknown,Unknown,High School,380,Yes,2,48129,0,South,No,02-10-2023
CUST1354,67,Unknown,85418,Unknown,Divorced,Unknown,827,Unknown,3,31140,4,East,Unknown,15-03-2022
CUST1355,38,Unknown,143541,Student,Unknown,Master,764,Yes,1,64123,2,West,Unknown,11-12-2021
CUST1356,38,Male,136267,Self-employed,Widowed,Unknown,698,Unknown,2,89101,3,Unknown,Unknown,26-10-2022
CUST1357,62,Unknown,80316,Unemployed,Single,Unknown,603,No,1,75354,0,East,Unknown,19-10-2022
CUST1358,46,Female,125374,Self-employed,Unknown,High School,470,Yes,4,65610,5,Unknown,Unknown,10-05-2021
CUST1359,54,Other,133395,Student,Divorced,PhD,824,No,5,83002,0,West,No,21-05-2021
CUST1360,54,Male,75455,Unknown,Widowed,Unknown,436,Yes,6,30791,3,East,Yes,19-02-2022
CUST1361,61,Unknown,120091,Unknown,Widowed,Unknown,452,Yes,9,31299,1,North,Yes,18-09-2022
CUST1362,67,Female,36737,Self-employed,Widowed,Unknown,360,Unknown,2,52645,0,Unknown,Yes,11-10-2021
CUST1363,24,Unknown,31563,Unknown,Widowed,Bachelor,342,No,1,78762,1,South,Yes,11-08-2021
CUST1364,43,Female,58756,Unknown,Unknown,High School,411,Yes,3,64251,0,East,No,14-01-2023
CUST1365,43,Male,12719,Employed,Widowed,PhD,338,Unknown,7,50747,5,East,Yes,08-04-2022
CUST1366,50,Unknown,144092,Self-employed,Unknown,Bachelor,738,No,4,26292,4,North,Unknown,23-12-2021
CUST1367,37,Other,111332,Unknown,Divorced,Master,321,No,7,49148,5,Unknown,Unknown,13-11-2023
CUST1368,46,Female,63276,Self-employed,Unknown,PhD,677,No,4,38073,3,Unknown,Yes,09-05-2023
CUST1369,49,Male,22857,Unknown,Widowed,Unknown,836,Unknown,0,8956,3,Unknown,Unknown,27-10-2022
CUST1370,44,Unknown,27602,Unknown,Married,PhD,588,Unknown,3,48129,1,South,Unknown,12-10-2023
CUST1371,63,Unknown,91121,Student,Married,PhD,452,No,9,72598,4,East,No,26-03-2021
CUST1372,49,Female,54547,Employed,Divorced,Unknown,417,Yes,7,67766,1,West,Yes,13-09-2022
CUST1373,21,Female,83506,Unknown,Single,PhD,621,Yes,6,43196,0,East,Yes,21-11-2023
CUST1374,64,Other,64028,Unemployed,Single,Unknown,538,Unknown,5,22065,2,South,No,28-08-2021
CUST1375,35,Other,96206,Unemployed,Unknown,Unknown,439,Yes,2,61240,4,East,Unknown,29-12-2021
CUST1376,20,Unknown,93300,Employed,Unknown,High School,511,No,2,91126,2,North,No,02-04-2023
CUST1377,51,Unknown,141132,Student,Unknown,PhD,584,Yes,5,26045,5,East,No,30-10-2022
CUST1378,65,Male,81626,Unknown,Single,Unknown,706,No,9,35341,0,East,Unknown,09-04-2021
CUST1379,33,Male,112979,Self-employed,Married,PhD,344,Yes,5,40081,2,West,No,16-02-2021
CUST1380,60,Unknown,74772,Employed,Single,Master,618,Unknown,4,92939,0,North,Unknown,19-04-2023
CUST1381,44,Unknown,88249,Student,Unknown,Master,344,Unknown,6,43417,5,North,Unknown,26-02-2022
CUST1382,46,Unknown,147612,Self-employed,Widowed,Unknown,346,Unknown,9,86533,2,East,No,03-03-2021
CUST1383,45,Other,32431,Unemployed,Unknown,High School,305,Unknown,4,43737,0,Unknown,Unknown,07-10-2023
CUST1384,62,Male,93186,Unemployed,Married,High School,811,Unknown,8,66078,2,West,Unknown,21-08-2022
CUST1385,69,Other,41598,Self-employed,Divorced,Unknown,698,Unknown,1,89518,3,East,No,27-01-2022
CUST1386,22,Other,44911,Employed,Divorced,Unknown,700,Unknown,2,47771,1,East,Unknown,04-09-2023
CUST1387,51,Unknown,142632,Unemployed,Widowed,Bachelor,630,No,1,56413,0,South,Unknown,12-12-2023
CUST1388,57,Unknown,139948,Unknown,Married,Unknown,702,Yes,2,76042,3,South,Unknown,26-08-2022
CUST1389,53,Female,16960,Unknown,Single,PhD,600,Unknown,8,15304,3,Unknown,Yes,03-12-2021
CUST1390,40,Unknown,145566,Self-employed,Single,Unknown,571,Unknown,3,76334,0,West,Unknown,21-03-2023
CUST1391,45,Unknown,79626,Self-employed,Unknown,Bachelor,737,No,2,89101,1,Unknown,Unknown,22-01-2023
CUST1392,65,Other,60106,Unemployed,Unknown,Unknown,749,Unknown,2,53849,1,South,No,31-05-2023
CUST1393,62,Unknown,142596,Employed,Single,Unknown,427,Unknown,0,16781,4,Unknown,Unknown,27-09-2022
CUST1394,69,Male,120616,Unknown,Divorced,Unknown,401,Unknown,2,26650,5,North,Yes,11-09-2021
CUST1395,47,Other,11622,Employed,Unknown,Unknown,636,Unknown,4,70756,0,South,Unknown,20-01-2021
CUST1396,51,Male,57837,Student,Divorced,Bachelor,782,Unknown,6,35341,5,South,Unknown,12-06-2022
CUST1397,49,Female,46408,Student,Unknown,Unknown,690,No,1,51216,0,West,Yes,11-01-2022
CUST1398,68,Other,34354,Unknown,Widowed,High School,814,No,2,52766,0,Unknown,Unknown,15-06-2021
CUST1399,37,Female,62853,Unemployed,Single,PhD,755,Yes,1,76138,4,Unknown,Unknown,11-05-2023
CUST1400,48,Other,92503,Unemployed,Unknown,Unknown,780,Unknown,1,96717,2,South,Yes,09-09-2022
CUST1401,39,Unknown,142351,Unemployed,Unknown,Bachelor,676,Yes,3,11221,3,South,No,04-09-2022
CUST1402,49,Unknown,124130,Unknown,Unknown,Master,324,Unknown,9,83291,0,West,Unknown,18-05-2022
CUST1403,19,Unknown,109608,Student,Single,High School,794,Unknown,2,60432,5,West,Yes,02-07-2023
CUST1404,34,Female,41575,Employed,Unknown,Master,514,Unknown,2,32464,3,Unknown,Yes,20-03-2021
CUST1405,41,Unknown,71246,Unknown,Single,Unknown,676,Yes,7,32672,0,Unknown,Unknown,08-08-2022
CUST1406,58,Other,66985,Unknown,Unknown,High School,713,Unknown,5,13876,5,North,Unknown,19-11-2022
CUST1407,47,Unknown,56600,Employed,Divorced,PhD,784,Yes,2,23690,2,Unknown,Unknown,31-01-2022
CUST1408,19,Male,11435,Unemployed,Widowed,Unknown,703,No,1,77572,0,North,Yes,06-02-2022
CUST1409,56,Unknown,50809,Unknown,Widowed,PhD,463,Yes,4,11470,2,East,No,02-09-2023
CUST1410,62,Male,112870,Employed,Single,Unknown,662,Yes,1,6375,2,South,Unknown,12-08-2021
CUST1411,40,Unknown,138177,Student,Married,Master,744,Unknown,4,26045,3,Unknown,Yes,02-06-2022
CUST1412,66,Male,15626,Self-employed,Unknown,High School,386,Yes,9,9603,0,Unknown,Yes,26-09-2022
CUST1413,48,Female,104006,Self-employed,Unknown,PhD,436,Unknown,9,27706,0,South,No,24-08-2021
CUST1414,63,Unknown,97955,Unknown,Single,Bachelor,440,Unknown,7,76139,0,Unknown,Yes,26-04-2021
CUST1415,38,Other,135816,Self-employed,Unknown,PhD,776,Yes,4,22796,5,Unknown,Yes,14-08-2021
CUST1416,39,Unknown,138322,Unknown,Married,Bachelor,455,No,2,47422,0,Unknown,Unknown,18-08-2021
CUST1417,18,Unknown,99431,Unemployed,Divorced,Unknown,573,Yes,3,92939,0,South,Unknown,01-07-2021
CUST1418,43,Other,114101,Student,Unknown,High School,600,Yes,4,32843,1,Unknown,Unknown,29-07-2021
CUST1419,58,Other,56167,Unknown,Unknown,PhD,544,Yes,9,57151,1,West,Unknown,06-04-2021
CUST1420,18,Male,80831,Student,Single,PhD,396,Unknown,1,95810,1,South,No,13-06-2023
CUST1421,42,Female,74288,Student,Single,High School,439,Unknown,6,76894,4,Unknown,Unknown,26-01-2023
CUST1422,33,Female,136944,Unemployed,Unknown,PhD,735,No,2,70066,0,Unknown,Unknown,19-02-2022
CUST1423,56,Unknown,77642,Unknown,Single,Bachelor,613,Yes,6,50760,4,East,Unknown,29-01-2022
CUST1424,49,Female,32431,Self-employed,Single,PhD,512,Unknown,8,76334,5,North,No,27-11-2022
CUST1425,25,Unknown,103106,Unemployed,Single,Master,317,Unknown,8,24581,0,Unknown,No,24-04-2023
CUST1426,59,Female,56600,Unknown,Unknown,Unknown,466,Unknown,1,85639,0,East,Yes,27-08-2022
CUST1427,64,Unknown,12396,Unknown,Divorced,Unknown,584,No,8,66957,4,West,Unknown,05-08-2022
CUST1428,55,Female,33411,Unknown,Divorced,Bachelor,678,Unknown,5,66084,4,Unknown,Unknown,13-05-2021
CUST1429,45,Unknown,47641,Unknown,Single,Master,328,Unknown,9,32281,5,East,No,02-03-2023
CUST1430,58,Male,39241,Unknown,Unknown,Unknown,811,Unknown,7,40081,4,Unknown,Unknown,11-10-2022
CUST1431,42,Unknown,39711,Unemployed,Divorced,High School,629,Unknown,2,71677,2,South,Unknown,09-08-2021
CUST1432,51,Male,124682,Unknown,Unknown,Bachelor,653,Unknown,6,27092,0,Unknown,Unknown,03-09-2023
CUST1433,66,Male,49986,Unknown,Divorced,Unknown,715,No,1,26638,1,East,No,06-12-2023
CUST1434,41,Male,133395,Student,Divorced,Unknown,517,Yes,5,97759,0,Unknown,Yes,27-02-2023
CUST1435,40,Other,141132,Student,Unknown,Unknown,588,Unknown,1,83291,2,South,Unknown,22-11-2022
CUST1436,29,Other,37082,Employed,Unknown,High School,671,Unknown,5,17940,5,South,Unknown,08-02-2021
CUST1437,23,Male,95530,Unknown,Unknown,High School,814,Unknown,9,50264,5,Unknown,No,21-11-2022
CUST1438,52,Unknown,99563,Student,Single,Bachelor,689,Unknown,8,5515,0,East,Yes,11-06-2021
CUST1439,61,Unknown,93300,Employed,Widowed,PhD,358,Yes,8,92924,0,Unknown,Unknown,10-06-2021
CUST1440,36,Unknown,37788,Student,Divorced,High School,625,Yes,9,84823,5,Unknown,Unknown,14-12-2023
CUST1441,45,Female,55084,Unknown,Widowed,Unknown,813,No,9,78870,4,North,Unknown,24-11-2023
CUST1442,24,Unknown,63268,Unknown,Unknown,PhD,339,Unknown,4,10033,5,East,Unknown,30-08-2021
CUST1443,62,Other,62487,Self-employed,Unknown,Master,846,No,0,68212,5,North,No,25-08-2023
CUST1444,32,Male,103501,Unknown,Unknown,Unknown,582,No,9,70066,5,Unknown,Unknown,09-06-2023
CUST1445,30,Female,64028,Unemployed,Widowed,PhD,816,Yes,1,88434,5,Unknown,Unknown,23-04-2021
CUST1446,28,Unknown,12079,Student,Unknown,Unknown,324,Unknown,4,70497,1,Unknown,No,11-10-2023
CUST1447,67,Other,142997,Student,Single,PhD,703,Unknown,2,49439,1,East,No,14-11-2021
CUST1448,39,Other,36029,Unknown,Unknown,Master,474,No,4,48894,0,Unknown,Unknown,23-01-2021
CUST1449,31,Male,48709,Unemployed,Married,High School,517,Yes,2,11221,5,Unknown,Unknown,04-04-2023
CUST1450,44,Unknown,67492,Unknown,Widowed,Master,751,Unknown,8,47422,0,West,Unknown,02-12-2022
CUST1451,50,Unknown,100600,Unemployed,Married,High School,501,Unknown,2,5066,2,South,No,16-10-2023
CUST1452,18,Other,113145,Self-employed,Unknown,High School,640,No,1,74806,0,Unknown,Yes,04-12-2023
CUST1453,48,Male,33051,Student,Single,Unknown,529,Unknown,6,65430,0,South,Unknown,08-05-2021
CUST1454,39,Unknown,89273,Student,Divorced,Unknown,630,Unknown,6,61356,5,North,No,26-05-2023
CUST1455,38,Unknown,111358,Self-employed,Unknown,Master,683,Unknown,9,25039,3,Unknown,No,07-06-2021
CUST1456,67,Other,101748,Employed,Unknown,PhD,829,Yes,2,54646,5,North,Unknown,07-04-2023
CUST1457,41,Unknown,142079,Unknown,Unknown,Master,749,Unknown,4,92939,1,Unknown,Yes,02-05-2023
CUST1458,38,Unknown,35559,Self-employed,Single,Unknown,422,Yes,6,22558,2,South,Unknown,27-05-2022
CUST1459,38,Unknown,128865,Unknown,Widowed,High School,780,Unknown,5,73968,4,South,Yes,14-02-2021
CUST1460,65,Other,74929,Unknown,Married,Unknown,555,No,9,55210,2,Unknown,Yes,07-08-2021
CUST1461,68,Other,33051,Student,Married,Bachelor,702,Unknown,5,80163,4,Unknown,Unknown,19-03-2022
CUST1462,58,Female,129771,Unknown,Married,Bachelor,669,Yes,2,14265,2,West,No,11-11-2021
CUST1463,22,Unknown,91994,Unemployed,Widowed,PhD,501,Unknown,7,65758,1,West,No,26-06-2021
CUST1464,31,Male,131300,Unknown,Unknown,Unknown,702,Yes,8,57151,4,Unknown,No,16-08-2021
CUST1465,59,Unknown,115423,Unknown,Single,PhD,794,Yes,4,17720,0,Unknown,Yes,24-09-2021
CUST1466,53,Female,16640,Student,Widowed,PhD,433,Yes,9,65610,4,Unknown,No,20-05-2023
CUST1467,49,Male,41575,Self-employed,Married,Bachelor,411,Unknown,1,96321,0,Unknown,Unknown,18-04-2023
CUST1468,24,Female,34354,Unknown,Unknown,PhD,306,No,3,42038,0,North,Yes,04-05-2022
CUST1469,69,Other,92711,Student,Divorced,Bachelor,463,No,3,63502,0,Unknown,Yes,03-12-2022
CUST1470,60,Unknown,21344,Unknown,Widowed,High School,613,No,3,20511,5,Unknown,Yes,18-11-2022
CUST1471,60,Male,122755,Employed,Widowed,Unknown,360,Yes,6,14190,2,West,Yes,23-09-2023
CUST1472,21,Male,71550,Employed,Single,PhD,840,Unknown,7,39650,0,Unknown,Unknown,23-12-2021
CUST1473,55,Male,16154,Unemployed,Single,Bachelor,469,Yes,7,12235,2,Unknown,No,22-05-2023
CUST1474,20,Male,53001,Student,Widowed,Master,810,No,4,78324,5,Unknown,Unknown,23-07-2021
CUST1475,22,Male,149777,Employed,Married,PhD,344,No,4,19605,3,North,No,06-07-2022
CUST1476,61,Female,116896,Self-employed,Divorced,Unknown,579,Unknown,7,7795,2,North,Unknown,19-11-2021
CUST1477,48,Unknown,111358,Student,Single,High School,744,Yes,2,7795,5,North,Unknown,17-08-2022
CUST1478,68,Other,110734,Self-employed,Married,High School,383,Unknown,4,77095,2,North,Unknown,30-06-2021
CUST1479,46,Other,50809,Self-employed,Unknown,Master,614,Unknown,2,35063,5,East,Unknown,14-05-2022
CUST1480,63,Other,93691,Employed,Single,Bachelor,503,No,9,74453,0,Unknown,Unknown,24-03-2021
CUST1481,51,Other,142413,Student,Married,PhD,780,Unknown,2,6378,5,South,Yes,30-10-2021
CUST1482,56,Female,138575,Unknown,Married,Bachelor,408,Yes,5,7841,4,Unknown,Yes,19-09-2021
CUST1483,68,Unknown,96123,Unknown,Divorced,High School,808,Yes,8,62174,3,East,Unknown,23-02-2023
CUST1484,32,Unknown,137118,Employed,Divorced,Bachelor,332,No,9,26650,2,North,Unknown,03-07-2023
CUST1485,29,Male,30581,Employed,Unknown,High School,368,No,4,77572,5,East,Unknown,23-11-2022
CUST1486,66,Unknown,64615,Unknown,Married,Bachelor,436,Yes,7,27504,5,West,No,02-08-2023
CUST1487,58,Other,35559,Student,Unknown,Master,602,Yes,5,13802,2,West,Unknown,14-11-2022
CUST1488,46,Unknown,65337,Student,Married,Unknown,713,No,5,52204,3,Unknown,Unknown,20-11-2022
CUST1489,35,Unknown,78760,Self-employed,Divorced,Master,613,Yes,0,68851,3,Unknown,Unknown,31-01-2022
CUST1490,33,Male,43320,Unknown,Unknown,Master,578,Unknown,9,64658,5,South,Unknown,19-04-2023
CUST1491,35,Male,59153,Unknown,Single,Unknown,684,No,7,49414,0,South,Unknown,28-05-2023
CUST1492,44,Unknown,67134,Student,Single,Unknown,324,Yes,8,67320,0,West,No,03-04-2023
CUST1493,42,Unknown,143789,Self-employed,Widowed,PhD,309,No,7,5490,3,North,Unknown,18-02-2021
CUST1494,53,Other,25048,Employed,Divorced,PhD,600,Unknown,4,74322,3,East,No,28-02-2023
CUST1495,42,Male,122360,Unemployed,Widowed,Master,582,No,1,74322,1,South,No,20-10-2021
CUST1496,69,Unknown,121496,Unknown,Unknown,Master,600,No,2,25918,4,Unknown,Unknown,20-06-2022
CUST1497,39,Female,142351,Employed,Divorced,High School,637,Unknown,2,58473,3,South,No,07-11-2021
CUST1498,25,Female,61195,Student,Unknown,High School,761,Unknown,1,20511,0,North,Yes,21-06-2022
CUST1499,28,Unknown,51844,Unknown,Married,PhD,610,Yes,2,78324,4,North,Yes,01-10-2022
CUST1500,69,Other,146848,Unemployed,Unknown,Unknown,594,Unknown,1,16695,4,Unknown,Yes,22-08-2021
CUST1501,45,Female,71665,Unemployed,Unknown,Unknown,428,No,2,57349,2,East,Unknown,28-08-2022
CUST1502,45,Male,29623,Self-employed,Divorced,PhD,795,Yes,6,64872,2,North,Yes,04-04-2021
CUST1503,63,Unknown,60106,Unknown,Unknown,High School,675,Unknown,7,57949,2,South,Unknown,23-11-2021
CUST1504,50,Unknown,56600,Self-employed,Married,High School,754,Yes,1,22796,2,South,Unknown,13-08-2021
CUST1505,48,Unknown,100093,Employed,Single,Unknown,511,Yes,4,6462,1,West,Yes,25-08-2023
CUST1506,64,Unknown,34354,Unknown,Single,Bachelor,463,Unknown,8,27499,3,North,No,09-06-2023
CUST1507,41,Unknown,121785,Unknown,Unknown,Bachelor,761,Yes,9,68212,2,Unknown,Unknown,11-01-2021
CUST1508,56,Unknown,40678,Unknown,Widowed,High School,408,Unknown,3,35480,5,Unknown,Unknown,02-11-2023
CUST1509,61,Unknown,103106,Unknown,Divorced,Bachelor,395,Unknown,4,93658,0,East,Yes,04-02-2021
CUST1510,69,Unknown,67492,Unknown,Divorced,Unknown,614,Unknown,2,99658,2,Unknown,Unknown,23-03-2022
CUST1511,45,Unknown,115423,Employed,Single,PhD,316,No,8,88232,3,Unknown,No,17-03-2022
CUST1512,32,Unknown,18712,Self-employed,Unknown,PhD,702,Yes,4,19745,2,South,No,15-10-2022
CUST1513,55,Female,99431,Unknown,Married,High School,338,No,5,71727,1,Unknown,Yes,18-08-2022
CUST1514,21,Other,66985,Self-employed,Unknown,Master,779,No,7,64872,0,Unknown,Unknown,17-08-2021
CUST1515,38,Other,43662,Unknown,Unknown,Unknown,755,Yes,8,18798,0,South,Unknown,10-12-2021
CUST1516,45,Other,75160,Self-employed,Unknown,High School,568,Unknown,5,92593,3,South,Unknown,16-09-2023
CUST1517,19,Unknown,35510,Unemployed,Single,Bachelor,453,Yes,4,31478,5,South,Unknown,28-06-2023
CUST1518,28,Unknown,136267,Self-employed,Single,Unknown,642,No,2,74322,0,South,Unknown,11-06-2022
CUST1519,42,Female,129771,Unknown,Single,Master,807,No,0,66431,0,South,Unknown,16-03-2021
CUST1520,32,Other,128865,Unemployed,Unknown,Bachelor,480,Unknown,2,65973,0,West,Yes,15-07-2021
CUST1521,67,Other,117309,Self-employed,Widowed,Unknown,720,Yes,7,85158,3,Unknown,No,29-01-2021
CUST1522,53,Unknown,71268,Unknown,Unknown,Bachelor,751,No,8,29648,5,Unknown,Unknown,07-12-2022
CUST1523,38,Unknown,40678,Unknown,Unknown,Unknown,502,Unknown,8,5798,3,West,Yes,18-10-2023
CUST1524,45,Other,137015,Unknown,Divorced,Unknown,310,No,7,64213,0,West,Unknown,16-01-2021
CUST1525,30,Female,115423,Student,Married,Unknown,427,No,5,34863,0,North,Unknown,16-03-2023
CUST1526,44,Female,26725,Employed,Widowed,Unknown,506,Unknown,0,62608,0,North,No,29-07-2023
CUST1527,21,Other,142632,Unknown,Divorced,Unknown,637,Unknown,4,45581,4,North,Unknown,25-08-2023
CUST1528,63,Unknown,136944,Unemployed,Unknown,Unknown,506,No,9,29648,1,East,Yes,17-08-2021
CUST1529,65,Female,42733,Unknown,Single,Unknown,438,No,2,56415,2,North,Yes,20-08-2023
CUST1530,46,Unknown,115373,Student,Unknown,Unknown,538,Unknown,2,31928,1,Unknown,No,16-12-2022
CUST1531,62,Female,146156,Unknown,Unknown,Bachelor,625,Yes,2,24023,3,West,Yes,11-09-2023
CUST1532,68,Male,21344,Unemployed,Married,Unknown,452,Yes,3,52645,0,Unknown,Unknown,27-07-2022
CUST1533,21,Male,62307,Student,Unknown,Bachelor,390,No,0,5515,2,Unknown,Yes,07-09-2022
CUST1534,28,Unknown,104914,Unknown,Widowed,Unknown,811,No,2,85863,0,North,Yes,22-11-2021
CUST1535,32,Other,142596,Unemployed,Widowed,Unknown,469,Yes,2,92593,5,East,Yes,25-05-2023
CUST1536,42,Unknown,146156,Self-employed,Married,Unknown,594,Unknown,2,32843,4,Unknown,Unknown,25-12-2021
CUST1537,42,Unknown,133395,Employed,Divorced,Master,719,Unknown,9,88168,3,East,Unknown,20-11-2021
CUST1538,64,Unknown,33236,Employed,Divorced,Unknown,641,Unknown,4,64213,4,Unknown,Yes,14-06-2021
CUST1539,37,Unknown,18712,Student,Widowed,Unknown,450,Unknown,8,5463,3,West,No,09-03-2023
CUST1540,55,Unknown,43662,Unknown,Widowed,Unknown,417,Unknown,2,50203,0,Unknown,Unknown,31-03-2022
CUST1541,52,Unknown,131826,Employed,Single,PhD,675,Unknown,2,11221,0,South,No,12-07-2021
CUST1542,49,Female,17906,Unknown,Divorced,Unknown,402,Unknown,5,65973,0,Unknown,Yes,19-09-2022
CUST1543,46,Male,111358,Unknown,Married,Master,447,Unknown,0,14190,3,North,No,14-06-2022
CUST1544,53,Unknown,109616,Student,Divorced,PhD,386,Unknown,7,45205,0,South,Yes,31-10-2023
CUST1545,39,Female,130900,Student,Single,High School,735,Unknown,1,16772,0,East,Unknown,02-04-2021
CUST1546,26,Male,79298,Student,Unknown,High School,691,Unknown,6,67712,4,West,No,19-05-2021
CUST1547,21,Other,11759,Employed,Widowed,Master,843,Yes,6,56415,5,West,No,26-04-2022
CUST1548,52,Unknown,84744,Student,Widowed,Unknown,793,Unknown,1,90961,2,East,Yes,25-03-2022
CUST1549,50,Male,139948,Employed,Single,Bachelor,713,Unknown,2,40340,3,North,Yes,19-05-2023
CUST1550,68,Other,67134,Student,Married,Master,346,Unknown,0,48129,4,East,Unknown,06-12-2021
CUST1551,47,Male,96123,Unknown,Widowed,PhD,666,Unknown,2,34320,1,Unknown,Yes,12-12-2023
CUST1552,26,Unknown,86898,Unknown,Unknown,PhD,533,Unknown,9,90761,5,North,Yes,11-04-2022
CUST1553,35,Unknown,34574,Student,Widowed,Unknown,827,Unknown,9,86441,1,South,Unknown,19-12-2022
CUST1554,48,Female,33510,Unemployed,Unknown,High School,808,No,9,74322,2,East,Yes,10-03-2023
CUST1555,45,Unknown,74929,Unknown,Single,PhD,793,Unknown,7,72598,0,North,Yes,20-04-2022
CUST1556,21,Male,12198,Unknown,Single,Master,381,Unknown,0,90761,0,South,Unknown,05-02-2022
CUST1557,61,Male,51873,Student,Widowed,PhD,751,Unknown,1,13876,3,East,Unknown,28-08-2022
CUST1558,20,Other,147612,Self-employed,Divorced,Master,370,Unknown,9,34709,4,West,Unknown,21-07-2023
CUST1559,32,Unknown,64771,Student,Unknown,Bachelor,836,Yes,9,67320,0,East,Yes,24-09-2023
CUST1560,40,Male,126953,Unknown,Married,Unknown,640,Yes,2,33091,4,Unknown,Yes,11-07-2023
CUST1561,32,Unknown,85713,Unemployed,Widowed,High School,317,Yes,3,86788,3,East,Unknown,01-04-2023
CUST1562,18,Male,143541,Unknown,Married,PhD,710,Unknown,2,65758,1,Unknown,Unknown,19-10-2022
CUST1563,65,Female,130900,Unemployed,Widowed,Master,689,Unknown,5,10515,0,South,Unknown,21-08-2022
CUST1564,44,Unknown,79346,Employed,Divorced,Unknown,782,No,8,75714,2,East,No,29-05-2022
CUST1565,48,Male,47641,Unknown,Divorced,High School,383,Yes,5,49414,0,South,Yes,27-10-2023
CUST1566,43,Unknown,71665,Unknown,Divorced,Bachelor,319,Unknown,7,14095,2,South,No,15-05-2022
CUST1567,36,Female,71268,Student,Unknown,Master,625,Unknown,2,56137,0,North,No,18-12-2022
CUST1568,40,Male,84859,Employed,Divorced,Unknown,439,Unknown,4,92029,5,South,Unknown,24-08-2022
CUST1569,28,Other,60106,Unknown,Single,Unknown,656,Yes,9,66826,4,South,Yes,28-10-2022
CUST1570,66,Unknown,93807,Student,Single,Bachelor,638,No,0,54556,0,East,Yes,13-04-2022
CUST1571,51,Male,67660,Self-employed,Unknown,Bachelor,309,No,2,9239,0,East,Unknown,10-06-2021
CUST1572,49,Female,39192,Student,Unknown,Unknown,634,Unknown,0,74453,5,West,No,27-09-2021
CUST1573,49,Other,45737,Unemployed,Married,PhD,588,No,8,68382,0,North,Unknown,16-12-2023
CUST1574,67,Female,86898,Unemployed,Widowed,PhD,386,Yes,3,92593,1,South,Unknown,16-08-2021
CUST1575,59,Female,30581,Self-employed,Widowed,Master,834,Unknown,5,97588,3,North,Yes,29-04-2023
CUST1576,53,Other,51873,Employed,Unknown,Unknown,582,Unknown,2,8729,2,Unknown,Unknown,29-05-2021
CUST1577,28,Female,30581,Unknown,Single,Master,710,Unknown,8,47614,5,South,Unknown,06-12-2023
CUST1578,19,Other,136944,Student,Widowed,Unknown,713,No,8,93658,4,North,Yes,24-09-2022
CUST1579,45,Male,71681,Unemployed,Single,Bachelor,494,Unknown,5,50201,5,West,Unknown,17-02-2022
CUST1580,49,Other,57638,Employed,Unknown,High School,372,Unknown,8,34831,2,West,Unknown,04-06-2022
CUST1581,56,Other,74881,Self-employed,Married,Master,751,Unknown,4,27092,2,South,No,22-01-2022
CUST1582,26,Unknown,56542,Unknown,Unknown,Master,755,Unknown,4,6129,4,Unknown,Yes,02-10-2021
CUST1583,59,Other,144092,Unemployed,Unknown,Unknown,595,Unknown,6,80242,4,West,Unknown,19-12-2021
CUST1584,60,Other,94082,Self-employed,Divorced,Bachelor,381,Unknown,6,86720,0,West,Unknown,26-12-2023
CUST1585,45,Male,89273,Student,Divorced,Bachelor,602,No,4,35607,2,Unknown,No,21-08-2022
CUST1586,29,Unknown,11622,Unknown,Divorced,Unknown,340,Unknown,1,74806,3,North,Unknown,12-07-2022
CUST1587,28,Unknown,49499,Unemployed,Unknown,Bachelor,776,Yes,3,59962,3,West,Unknown,23-04-2021
CUST1588,47,Male,46408,Unemployed,Widowed,Unknown,349,No,0,19175,0,East,Unknown,21-05-2021
CUST1589,62,Male,48709,Student,Married,PhD,788,Unknown,3,38139,5,Unknown,No,31-12-2022
CUST1590,18,Unknown,94458,Unknown,Divorced,Unknown,440,Unknown,7,66957,4,Unknown,Unknown,12-08-2022
CUST1591,67,Other,143052,Employed,Unknown,High School,480,Yes,8,81946,0,West,Unknown,15-02-2022
CUST1592,66,Female,69676,Unknown,Unknown,Master,346,No,2,74876,3,North,Yes,12-01-2022
CUST1593,51,Unknown,23350,Unemployed,Divorced,High School,582,Unknown,8,78717,1,North,Yes,21-01-2023
CUST1594,39,Female,143052,Unknown,Divorced,Master,799,Unknown,3,70524,0,South,No,19-09-2022
CUST1595,33,Unknown,138386,Unemployed,Married,PhD,839,No,4,62174,0,East,Unknown,22-09-2023
CUST1596,42,Male,142596,Unknown,Divorced,Bachelor,735,Unknown,9,7841,3,North,Yes,04-12-2022
CUST1597,24,Male,72768,Self-employed,Married,Unknown,713,Unknown,5,98309,1,Unknown,No,07-04-2022
CUST1598,45,Unknown,106731,Unemployed,Unknown,Unknown,565,Unknown,7,10033,0,East,Unknown,12-01-2021
CUST1599,42,Male,120616,Unknown,Divorced,Unknown,396,Unknown,4,35232,3,Unknown,Unknown,22-04-2022
