ID,Age,Gender,Income,Employment_Status,Marital_Status,Education_Level,Credit_Score,Loan_Default,Credit_Cards_Held,Annual_Expenses,Num_Bank_Accounts,Region,Approved,Application_Date
CUST1000,55.0,Female,90559.0,,Single,,480.0,,7.0,10622.0,2.0,East,,2022-12-29
CUST1001,68.0,Female,137015.0,,Divorced,,598.0,,5.0,62174.0,0.0,North,,2023-05-30
CUST1002,45.0,Female,55648.0,Student,Divorced,,764.0,Yes,0.0,34265.0,2.0,East,Yes,2023-03-26
CUST1003,31.0,Other,51873.0,Self-employed,Single,Bachelor,372.0,,6.0,50349.0,2.0,North,,2022-10-11
CUST1004,59.0,Male,130307.0,,,,744.0,,5.0,77095.0,1.0,,Yes,2023-09-27
CUST1005,24.0,,132720.0,,Widowed,Bachelor,700.0,No,6.0,76916.0,4.0,,Yes,2022-04-16
CUST1006,37.0,Female,94976.0,Student,Single,,571.0,,1.0,47598.0,1.0,,,2022-11-21
CUST1007,55.0,,133618.0,Student,,,776.0,,5.0,61827.0,5.0,West,,2022-12-01
CUST1008,35.0,Female,30581.0,Employed,Single,Bachelor,478.0,,8.0,92924.0,2.0,West,,2022-05-22
CUST1009,39.0,,115947.0,Employed,Single,PhD,425.0,,7.0,39159.0,0.0,West,,2023-09-19
CUST1010,27.0,Other,101357.0,,Married,,613.0,,1.0,17940.0,2.0,,,2023-10-07
CUST1011,27.0,,138322.0,,,Master,360.0,Yes,8.0,24023.0,4.0,South,Yes,2023-03-15
CUST1012,40.0,,30953.0,Student,Widowed,,717.0,,4.0,86395.0,1.0,,No,2023-04-11
CUST1013,69.0,Male,137157.0,,Married,PhD,546.0,No,0.0,79024.0,0.0,,No,2021-08-02
CUST1014,52.0,,69129.0,,Single,Bachelor,764.0,,0.0,26398.0,2.0,East,,2021-06-18
CUST1015,56.0,,95553.0,Unemployed,,PhD,756.0,Yes,3.0,27616.0,3.0,,Yes,2023-09-05
CUST1016,40.0,Male,16640.0,Employed,Single,High School,713.0,Yes,3.0,7159.0,4.0,,No,2021-05-26
CUST1017,19.0,,77364.0,,Single,High School,684.0,Yes,5.0,50201.0,4.0,North,No,2022-05-31
CUST1018,38.0,Female,130993.0,Student,,,722.0,Yes,0.0,,3.0,North,No,2022-03-29
CUST1019,69.0,,56167.0,,,,689.0,Yes,9.0,57248.0,2.0,North,Yes,2021-03-01
CUST1020,18.0,Male,65029.0,Student,Married,Master,584.0,No,5.0,9922.0,4.0,,,2022-06-12
CUST1021,40.0,Other,116661.0,Unemployed,Widowed,,415.0,,3.0,62174.0,0.0,South,,2023-10-21
CUST1022,60.0,Male,135816.0,,Married,PhD,431.0,Yes,4.0,86720.0,2.0,East,,2022-04-19
CUST1023,46.0,Other,123824.0,,Divorced,High School,427.0,Yes,6.0,90761.0,2.0,East,,2023-01-27
CUST1024,54.0,,146156.0,Student,Single,,612.0,,8.0,50264.0,1.0,,,2023-02-21
CUST1025,18.0,Female,107883.0,Employed,,,700.0,No,2.0,94385.0,4.0,South,,2022-03-09
CUST1026,37.0,Male,59138.0,Unemployed,Single,PhD,428.0,No,5.0,80242.0,4.0,South,Yes,2022-02-05
CUST1027,49.0,,95956.0,,Single,,581.0,,4.0,65610.0,3.0,East,No,2021-02-26
CUST1028,28.0,,71246.0,Unemployed,Married,,612.0,No,8.0,21574.0,1.0,West,No,2023-09-30
CUST1029,38.0,Male,39430.0,Employed,,High School,588.0,,0.0,59970.0,5.0,North,Yes,2021-07-05
CUST1030,60.0,,104006.0,,,High School,493.0,,6.0,80483.0,1.0,North,Yes,2022-02-02
CUST1031,41.0,Male,30581.0,Unemployed,,,845.0,,8.0,88286.0,4.0,East,,2022-08-28
CUST1032,65.0,Other,56167.0,Self-employed,Married,Bachelor,847.0,,7.0,56137.0,2.0,South,,2023-02-27
CUST1033,43.0,Male,129614.0,Employed,Single,,412.0,Yes,3.0,88087.0,1.0,,,2021-06-07
CUST1034,58.0,Male,36385.0,Employed,Married,,517.0,Yes,8.0,80318.0,3.0,West,,2022-08-12
CUST1035,44.0,Male,35559.0,Employed,,,757.0,,2.0,63502.0,1.0,East,Yes,2022-04-11
CUST1036,32.0,,72823.0,Self-employed,,Master,594.0,,4.0,95436.0,3.0,North,,2022-03-22
CUST1037,31.0,Male,55084.0,Self-employed,Married,Master,713.0,No,6.0,43498.0,5.0,,No,2023-03-12
CUST1038,63.0,,125374.0,Student,,Master,368.0,,9.0,52645.0,1.0,South,Yes,2023-07-18
CUST1039,67.0,Other,107768.0,,Single,Bachelor,318.0,No,1.0,49130.0,3.0,,Yes,2021-01-17
CUST1040,60.0,Other,48000.0,Unemployed,Married,Bachelor,512.0,,8.0,35341.0,1.0,,No,2023-01-01
CUST1041,68.0,Male,79298.0,Student,Married,,640.0,,9.0,37966.0,5.0,East,,2021-11-22
CUST1042,19.0,,33051.0,Unemployed,Married,Master,702.0,Yes,9.0,71151.0,1.0,North,,2023-09-22
CUST1043,53.0,,74929.0,,Divorced,Bachelor,569.0,No,,11470.0,0.0,West,No,2022-09-05
CUST1044,67.0,,66276.0,Self-employed,,High School,480.0,,2.0,76042.0,3.0,,No,2022-06-30
CUST1045,23.0,Male,112471.0,,,,676.0,,2.0,49439.0,5.0,West,,2022-08-19
CUST1046,37.0,Other,126739.0,Self-employed,Widowed,,346.0,,,24880.0,3.0,,Yes,2023-07-10
CUST1047,25.0,,138377.0,,,PhD,653.0,Yes,7.0,92134.0,3.0,North,,2023-04-22
CUST1048,55.0,Male,57837.0,Student,Widowed,,368.0,No,1.0,77013.0,,,No,2021-12-10
CUST1049,34.0,,44636.0,,Divorced,PhD,737.0,No,3.0,96319.0,5.0,,,2023-05-09
CUST1050,20.0,,111332.0,Student,Married,Master,310.0,,4.0,19678.0,1.0,West,No,2022-03-21
CUST1051,41.0,Other,93807.0,Unemployed,Divorced,PhD,496.0,No,6.0,75211.0,3.0,West,,2021-08-10
CUST1052,30.0,Female,112665.0,Student,Divorced,Master,553.0,,4.0,76154.0,4.0,,,2022-08-15
CUST1053,66.0,,26032.0,Employed,Single,High School,703.0,Yes,1.0,13802.0,,North,,2023-10-28
CUST1054,25.0,,115865.0,Unemployed,,PhD,496.0,No,4.0,44255.0,0.0,West,No,2023-10-15
CUST1055,42.0,Other,10526.0,,Widowed,,340.0,,,88434.0,3.0,East,,2021-01-16
CUST1056,69.0,,57837.0,Unemployed,Married,Master,360.0,,2.0,55494.0,3.0,,Yes,2022-06-08
CUST1057,18.0,Male,76262.0,,Widowed,,436.0,,4.0,35951.0,,,,2023-03-14
CUST1058,36.0,,43742.0,Self-employed,,Bachelor,824.0,No,5.0,31026.0,1.0,South,,2021-01-21
CUST1059,44.0,Other,114101.0,,Widowed,Master,425.0,Yes,9.0,76894.0,4.0,South,Yes,2021-08-16
CUST1060,63.0,,77364.0,Unemployed,,PhD,547.0,No,9.0,68212.0,0.0,North,No,2023-10-05
CUST1061,23.0,,133786.0,,,Master,340.0,No,8.0,40340.0,3.0,East,,2023-03-20
CUST1062,60.0,,46062.0,,,,698.0,,1.0,11221.0,1.0,West,,2022-02-08
CUST1063,24.0,Male,141878.0,,Widowed,High School,317.0,,7.0,83291.0,5.0,South,,2023-12-26
CUST1064,63.0,,67492.0,Self-employed,Widowed,Master,667.0,No,5.0,12235.0,4.0,North,Yes,2022-03-13
CUST1065,51.0,,122855.0,Student,,PhD,490.0,,,77013.0,5.0,,,2023-04-09
CUST1066,30.0,Female,69129.0,,Divorced,Bachelor,408.0,,0.0,77227.0,4.0,East,No,2023-07-23
CUST1067,33.0,Female,42413.0,Employed,,,391.0,,,47543.0,0.0,East,,2021-09-16
CUST1068,52.0,Female,147717.0,,Single,High School,779.0,,9.0,54036.0,2.0,North,,2021-04-13
CUST1069,66.0,,119575.0,Self-employed,Married,Bachelor,461.0,Yes,7.0,20187.0,4.0,North,,2023-09-20
CUST1070,56.0,Other,36737.0,Unemployed,Widowed,Master,370.0,,7.0,43220.0,2.0,West,Yes,2023-02-08
CUST1071,20.0,,22857.0,Self-employed,Married,,505.0,,5.0,45205.0,5.0,North,Yes,2023-03-24
CUST1072,18.0,Other,95431.0,Unemployed,Single,,641.0,Yes,8.0,79417.0,4.0,West,No,2021-08-14
CUST1073,22.0,Other,125953.0,Self-employed,Married,PhD,637.0,,1.0,29162.0,0.0,West,No,2023-08-01
CUST1074,58.0,Female,113320.0,Unemployed,Single,,396.0,Yes,3.0,93583.0,,,,2022-04-08
CUST1075,20.0,,34442.0,,,High School,328.0,No,2.0,90961.0,0.0,East,No,2021-08-25
CUST1076,45.0,Male,91994.0,Student,Divorced,,420.0,,5.0,47771.0,0.0,,,2023-11-16
CUST1077,34.0,Female,132744.0,Unemployed,Widowed,PhD,667.0,Yes,7.0,31347.0,,East,Yes,2022-05-21
CUST1078,42.0,Female,100827.0,Unemployed,Single,,813.0,,0.0,89518.0,,East,Yes,2023-03-25
CUST1079,60.0,,37856.0,Employed,Married,Master,702.0,Yes,6.0,31299.0,1.0,,Yes,2023-02-06
CUST1080,50.0,Male,80831.0,Unemployed,Widowed,Master,602.0,,7.0,48240.0,4.0,West,No,2022-09-26
CUST1081,26.0,,84744.0,Employed,Divorced,,849.0,No,8.0,39159.0,5.0,West,Yes,2023-09-18
CUST1082,52.0,,82847.0,,,Bachelor,408.0,Yes,8.0,7887.0,1.0,North,Yes,2022-09-10
CUST1083,30.0,Female,88249.0,,Widowed,Master,820.0,No,7.0,50039.0,,,Yes,2021-09-30
CUST1084,47.0,Male,62853.0,Employed,Single,,604.0,,8.0,22297.0,2.0,North,,2021-08-20
CUST1085,64.0,Female,37082.0,Student,Divorced,,570.0,,5.0,10730.0,5.0,,,2023-02-07
CUST1086,31.0,Other,35559.0,,Married,PhD,630.0,,7.0,63755.0,2.0,North,No,2022-05-11
CUST1087,24.0,Female,79274.0,Employed,Divorced,,581.0,No,7.0,6378.0,0.0,South,Yes,2023-11-14
CUST1088,30.0,Female,38541.0,,Divorced,,688.0,,1.0,18798.0,3.0,East,No,2022-05-17
CUST1089,39.0,,120091.0,,,,338.0,Yes,2.0,14837.0,0.0,East,Yes,2021-01-25
CUST1090,56.0,,120904.0,,Divorced,Master,493.0,Yes,0.0,50246.0,0.0,,Yes,2021-10-15
CUST1091,37.0,,96231.0,,Divorced,PhD,799.0,,8.0,51216.0,3.0,West,Yes,2021-12-04
CUST1092,32.0,Other,109616.0,Student,Widowed,,724.0,No,1.0,54002.0,4.0,,No,2023-11-27
CUST1093,61.0,,147612.0,Self-employed,Married,High School,426.0,No,9.0,9603.0,,South,No,2021-05-17
CUST1094,34.0,Male,91182.0,Self-employed,Widowed,PhD,372.0,Yes,9.0,85428.0,2.0,,Yes,2022-05-23
CUST1095,63.0,,82847.0,Employed,Widowed,High School,719.0,,3.0,98665.0,0.0,East,,2021-08-15
CUST1096,69.0,Male,144502.0,,Single,,756.0,,3.0,14190.0,3.0,West,No,2021-11-16
CUST1097,40.0,Male,127832.0,Employed,Widowed,Bachelor,678.0,Yes,4.0,15785.0,1.0,South,,2023-07-05
CUST1098,42.0,,77642.0,,,PhD,748.0,Yes,5.0,78755.0,0.0,East,No,2021-03-27
CUST1099,41.0,,130900.0,,,,568.0,No,5.0,66084.0,2.0,North,Yes,2023-07-15
CUST1100,61.0,,144502.0,Unemployed,Single,High School,426.0,,,40081.0,,,,2021-02-22
CUST1101,57.0,,143541.0,,,Master,392.0,Yes,0.0,54056.0,0.0,South,Yes,2023-05-10
CUST1102,45.0,Other,23350.0,Unemployed,Married,Master,439.0,Yes,7.0,12987.0,0.0,West,,2023-05-17
CUST1103,31.0,,133395.0,Student,Married,Bachelor,793.0,,8.0,57335.0,4.0,,No,2022-03-09
CUST1104,61.0,,41575.0,Employed,Widowed,PhD,613.0,Yes,0.0,33022.0,3.0,,No,2023-09-26
CUST1105,,Other,22342.0,Student,Widowed,PhD,396.0,Yes,4.0,40081.0,1.0,South,Yes,2021-04-10
CUST1106,41.0,Female,26032.0,,,PhD,675.0,,9.0,,1.0,West,Yes,2023-09-17
CUST1107,23.0,Female,141410.0,Student,Widowed,,577.0,No,9.0,27092.0,5.0,South,,2022-08-22
CUST1108,25.0,Other,115373.0,Student,Married,Bachelor,573.0,,,12235.0,,West,,2022-02-07
CUST1109,40.0,Other,83781.0,Student,Divorced,PhD,698.0,No,1.0,92980.0,5.0,,,2022-01-31
CUST1110,,,58787.0,,,,579.0,,0.0,51751.0,2.0,East,,2022-02-19
CUST1111,60.0,,44531.0,,Divorced,Master,616.0,Yes,1.0,65610.0,,North,No,2023-07-28
CUST1112,24.0,Female,60069.0,Student,Divorced,High School,319.0,,3.0,96873.0,0.0,East,,2022-11-08
CUST1113,40.0,,74288.0,Unemployed,Married,,506.0,No,9.0,61759.0,0.0,North,,2022-04-08
CUST1114,27.0,Female,21344.0,,Divorced,Master,318.0,,8.0,95140.0,1.0,,No,2022-06-25
CUST1115,67.0,,116532.0,Student,,Master,320.0,,4.0,89101.0,2.0,East,No,2021-03-25
CUST1116,33.0,,31563.0,,Single,High School,613.0,,7.0,34709.0,3.0,East,No,2021-09-28
CUST1117,24.0,,144092.0,,Widowed,Master,534.0,No,9.0,70756.0,2.0,South,,2021-09-01
CUST1118,51.0,Male,56542.0,Self-employed,Single,Bachelor,834.0,,8.0,63861.0,0.0,,No,2022-01-23
CUST1119,51.0,Male,109986.0,,,High School,611.0,,2.0,31299.0,3.0,,Yes,2021-08-02
CUST1120,49.0,Other,12079.0,Unemployed,Widowed,Master,358.0,Yes,5.0,98665.0,2.0,West,No,2023-03-29
CUST1121,21.0,,62375.0,Student,Divorced,,370.0,,4.0,22065.0,2.0,,No,2021-02-28
CUST1122,58.0,,99563.0,Self-employed,,,684.0,Yes,0.0,88111.0,3.0,West,No,2023-06-02
CUST1123,55.0,Male,71413.0,Self-employed,Widowed,Master,651.0,Yes,8.0,25470.0,0.0,West,,2023-04-23
CUST1124,57.0,,148155.0,,,Bachelor,411.0,,9.0,5515.0,2.0,North,,2023-07-13
CUST1125,44.0,Male,122755.0,Self-employed,,PhD,802.0,Yes,9.0,5463.0,3.0,West,No,2021-05-03
CUST1126,23.0,Male,65029.0,Unemployed,,Master,713.0,Yes,9.0,12349.0,4.0,West,,2022-03-15
CUST1127,25.0,Male,36172.0,Unemployed,,PhD,836.0,,6.0,70524.0,4.0,South,Yes,2023-10-19
CUST1128,24.0,,59138.0,Employed,Divorced,,613.0,,5.0,91006.0,0.0,East,Yes,2022-07-16
CUST1129,28.0,Female,71246.0,Unemployed,Single,Master,711.0,No,5.0,64199.0,3.0,,No,2021-04-28
CUST1130,50.0,,30953.0,,Widowed,High School,392.0,No,6.0,92924.0,4.0,,Yes,2023-06-24
CUST1131,49.0,,50042.0,Self-employed,Divorced,PhD,667.0,No,9.0,76042.0,3.0,West,,2022-01-30
CUST1132,64.0,,131789.0,Unemployed,,,375.0,,,31026.0,2.0,,,2023-05-26
CUST1133,39.0,,44701.0,,Single,High School,735.0,Yes,,23690.0,0.0,,No,2023-07-24
CUST1134,40.0,,86898.0,Employed,,High School,718.0,No,6.0,18386.0,4.0,West,Yes,2023-08-10
CUST1135,53.0,,132732.0,Self-employed,,High School,414.0,,2.0,54056.0,5.0,North,,2021-03-16
CUST1136,51.0,Other,60069.0,Employed,,High School,782.0,Yes,3.0,75832.0,2.0,North,,2021-10-22
CUST1137,60.0,,,Self-employed,,Master,407.0,,6.0,76916.0,5.0,North,Yes,2021-01-21
CUST1138,56.0,,142663.0,,,,453.0,No,3.0,31026.0,5.0,West,,2023-11-05
CUST1139,38.0,,16150.0,Employed,Married,Master,750.0,Yes,8.0,26638.0,,South,,2022-07-14
CUST1140,43.0,Other,103106.0,Student,Widowed,Master,455.0,No,2.0,61759.0,,,No,2022-01-07
CUST1141,51.0,Other,72768.0,,Widowed,,836.0,No,4.0,88791.0,0.0,West,,2023-03-29
CUST1142,,,35931.0,,,,698.0,No,3.0,24023.0,4.0,South,Yes,2023-12-29
CUST1143,51.0,Male,48709.0,Self-employed,Married,,640.0,Yes,5.0,22297.0,4.0,South,No,2023-04-26
CUST1144,53.0,Female,58756.0,Student,Divorced,,340.0,,8.0,36973.0,4.0,,Yes,2022-06-05
CUST1145,63.0,Male,21536.0,Employed,Divorced,Bachelor,660.0,Yes,5.0,62174.0,3.0,West,,2022-01-06
CUST1146,30.0,Male,116896.0,Student,,,715.0,No,2.0,30425.0,2.0,West,Yes,2021-04-11
CUST1147,19.0,Male,21653.0,Student,Single,,420.0,Yes,3.0,36186.0,4.0,South,Yes,2022-10-23
CUST1148,,,64620.0,Employed,Divorced,,814.0,,1.0,75832.0,2.0,South,No,2023-08-26
CUST1149,21.0,Other,142822.0,,Single,Master,749.0,,2.0,20386.0,0.0,South,,2021-08-31
CUST1150,42.0,Male,95956.0,Student,Widowed,Master,412.0,Yes,2.0,68382.0,5.0,,Yes,2023-01-23
CUST1151,30.0,Other,133629.0,Student,Single,,395.0,,1.0,72163.0,4.0,West,No,2022-05-27
CUST1152,55.0,,111371.0,,Widowed,Bachelor,463.0,,8.0,61827.0,0.0,South,,2023-04-29
CUST1153,43.0,Female,73230.0,Student,Married,Bachelor,428.0,,3.0,64123.0,4.0,North,No,2022-07-09
CUST1154,25.0,,138322.0,Student,Married,,630.0,,3.0,93603.0,,West,No,2021-08-14
CUST1155,31.0,,79626.0,Student,,,598.0,Yes,9.0,32856.0,1.0,,,2021-08-02
CUST1156,31.0,,97266.0,,,PhD,770.0,,5.0,48129.0,0.0,North,Yes,2022-12-19
CUST1157,42.0,Female,123824.0,Unemployed,,Bachelor,349.0,No,2.0,17021.0,4.0,East,,2021-03-08
CUST1158,58.0,,62930.0,,Divorced,High School,343.0,,2.0,30425.0,1.0,West,No,2022-01-31
CUST1159,29.0,,50809.0,Student,,Master,752.0,,7.0,63861.0,0.0,East,Yes,2022-09-04
CUST1160,67.0,Female,34262.0,,Widowed,,495.0,Yes,4.0,34863.0,3.0,South,Yes,2023-11-02
CUST1161,48.0,Female,56167.0,,,High School,634.0,,2.0,29299.0,4.0,,No,2023-02-09
CUST1162,55.0,,36385.0,Self-employed,Single,,802.0,,0.0,25470.0,3.0,South,Yes,2022-02-11
CUST1163,65.0,Female,67372.0,Self-employed,Widowed,Master,742.0,,4.0,75474.0,,,No,2023-07-14
CUST1164,68.0,,88249.0,Student,,Master,612.0,No,0.0,46979.0,4.0,,No,2022-10-09
CUST1165,48.0,,130900.0,,Married,Bachelor,678.0,Yes,3.0,14095.0,5.0,South,No,2021-08-10
CUST1166,20.0,,122360.0,,,Bachelor,588.0,Yes,4.0,52766.0,,East,,2022-10-16
CUST1167,46.0,Male,35559.0,,Divorced,High School,551.0,,2.0,11191.0,1.0,,No,2022-03-04
CUST1168,53.0,,48000.0,,Widowed,,428.0,Yes,1.0,82606.0,0.0,South,,2023-09-04
CUST1169,39.0,Other,113320.0,,Widowed,Master,667.0,No,5.0,91006.0,2.0,West,Yes,2023-10-03
CUST1170,55.0,Male,104377.0,,Single,High School,583.0,,0.0,18798.0,,,,2022-01-06
CUST1171,61.0,Male,,,Divorced,PhD,517.0,Yes,9.0,51994.0,2.0,,Yes,2023-04-30
CUST1172,31.0,Male,138575.0,Unemployed,Married,High School,818.0,,4.0,61240.0,2.0,South,,2023-05-06
CUST1173,59.0,,130993.0,,Widowed,,427.0,,2.0,76139.0,0.0,,,2021-08-17
CUST1174,45.0,,106443.0,Self-employed,Widowed,High School,426.0,,4.0,90761.0,1.0,South,,2021-10-07
CUST1175,52.0,,21653.0,,Single,,749.0,No,2.0,10606.0,0.0,East,,2023-12-07
CUST1176,29.0,,55028.0,,,,520.0,,2.0,78755.0,4.0,East,,2023-09-02
CUST1177,48.0,,137157.0,,Married,,410.0,Yes,2.0,6462.0,,,Yes,2023-01-28
CUST1178,23.0,,79274.0,,,PhD,316.0,,7.0,14873.0,2.0,,No,2023-11-14
CUST1179,67.0,Other,142413.0,Unemployed,Divorced,High School,569.0,,5.0,6462.0,0.0,South,Yes,2021-11-17
CUST1180,38.0,,133629.0,Unemployed,Widowed,High School,568.0,,1.0,53665.0,0.0,East,No,2021-10-01
CUST1181,44.0,Female,104457.0,,Widowed,PhD,636.0,Yes,1.0,19745.0,0.0,East,Yes,2022-07-10
CUST1182,18.0,Other,17564.0,Employed,,Master,351.0,Yes,4.0,18851.0,,,,2023-04-24
CUST1183,58.0,,69676.0,,Married,Bachelor,504.0,No,4.0,25923.0,1.0,West,,2022-10-30
CUST1184,61.0,Male,46877.0,,,High School,795.0,Yes,2.0,35951.0,5.0,,,2023-09-27
CUST1185,69.0,Female,44701.0,Unemployed,Widowed,Bachelor,782.0,Yes,7.0,86502.0,0.0,North,,2022-01-15
CUST1186,22.0,Female,149892.0,Unemployed,Married,,476.0,,2.0,92924.0,,,,2022-12-12
CUST1187,44.0,Female,53001.0,,,,789.0,,7.0,25711.0,2.0,South,No,2023-01-16
CUST1188,44.0,Other,106122.0,,Single,PhD,541.0,,2.0,15785.0,4.0,West,,2022-11-06
CUST1189,60.0,,34262.0,,,,625.0,No,0.0,67532.0,5.0,South,No,2021-04-26
CUST1190,60.0,,122217.0,Unemployed,Divorced,,488.0,,0.0,87508.0,3.0,North,Yes,2022-08-28
CUST1191,36.0,Male,99599.0,,Widowed,Master,492.0,Yes,3.0,75832.0,5.0,West,No,2023-12-02
CUST1192,46.0,Male,34826.0,,Married,Master,749.0,,2.0,7159.0,5.0,,Yes,2022-01-14
CUST1193,27.0,Female,49974.0,Student,Single,Master,494.0,,5.0,5178.0,,East,No,2022-04-11
CUST1194,44.0,Male,96988.0,Employed,Divorced,,630.0,No,9.0,83545.0,3.0,,No,2021-10-07
CUST1195,41.0,Other,104377.0,Self-employed,Married,PhD,337.0,No,3.0,6605.0,0.0,South,,2022-09-10
CUST1196,55.0,,147809.0,Employed,Married,,568.0,,4.0,6462.0,0.0,North,No,2021-04-28
CUST1197,49.0,Female,138177.0,Student,Divorced,,742.0,,8.0,21574.0,5.0,East,,2021-11-05
CUST1198,,Male,22984.0,Self-employed,Single,Bachelor,811.0,,2.0,57719.0,,,,2021-04-10
CUST1199,43.0,Other,51786.0,,,,792.0,,0.0,75474.0,3.0,East,,2021-09-18
CUST1200,68.0,Other,89148.0,Student,Single,,504.0,,8.0,71727.0,0.0,,,2023-09-20
CUST1201,29.0,Male,75455.0,,,Master,613.0,Yes,7.0,10730.0,2.0,,Yes,2021-10-13
CUST1202,57.0,,29541.0,Unemployed,Widowed,Master,372.0,Yes,8.0,98665.0,1.0,West,No,2021-11-24
CUST1203,19.0,Male,31563.0,,Divorced,,613.0,,5.0,54630.0,1.0,East,Yes,2021-03-04
CUST1204,55.0,Female,84744.0,Student,,Bachelor,412.0,No,2.0,55383.0,0.0,East,No,2022-11-18
CUST1205,22.0,Male,115595.0,Unemployed,Divorced,High School,491.0,Yes,1.0,16781.0,3.0,East,,2023-01-08
CUST1206,24.0,Other,102124.0,Student,Divorced,Bachelor,316.0,Yes,8.0,68382.0,4.0,West,,2023-10-28
CUST1207,43.0,Male,98929.0,Student,Single,Bachelor,754.0,Yes,1.0,59970.0,0.0,North,No,2022-10-01
CUST1208,25.0,,85932.0,Unemployed,Widowed,PhD,465.0,,7.0,75211.0,4.0,,No,2023-07-25
CUST1209,53.0,,99599.0,Self-employed,,,843.0,,3.0,66826.0,4.0,,,2022-04-21
CUST1210,49.0,Male,116532.0,Employed,Married,PhD,446.0,,1.0,65758.0,3.0,East,,2021-02-22
CUST1211,67.0,,135991.0,,Married,Bachelor,845.0,No,3.0,91126.0,4.0,West,Yes,2023-01-24
CUST1212,58.0,,12719.0,Student,Divorced,Bachelor,666.0,No,0.0,25039.0,2.0,North,,2022-05-01
CUST1213,60.0,Other,95708.0,,Widowed,Bachelor,434.0,No,9.0,20386.0,3.0,,No,2022-02-13
CUST1214,40.0,,119996.0,,,,351.0,No,2.0,70431.0,0.0,West,Yes,2023-10-28
CUST1215,31.0,,99186.0,Unemployed,Single,PhD,641.0,Yes,8.0,80163.0,5.0,,No,2022-10-30
CUST1216,48.0,,37082.0,,Widowed,Bachelor,773.0,Yes,0.0,80242.0,2.0,,,2023-04-15
CUST1217,48.0,,34442.0,Unemployed,Widowed,Master,589.0,,0.0,57335.0,,,Yes,2023-05-26
CUST1218,40.0,Female,80316.0,,Single,,373.0,,6.0,66822.0,1.0,East,No,2022-01-02
CUST1219,57.0,Female,101659.0,Employed,Divorced,,666.0,No,,43196.0,0.0,,,2023-09-29
CUST1220,68.0,Other,14853.0,Employed,Widowed,Master,331.0,,5.0,84854.0,0.0,North,,2021-09-07
CUST1221,65.0,Male,86898.0,Employed,Married,,719.0,Yes,3.0,65430.0,0.0,West,No,2022-01-15
CUST1222,65.0,,16960.0,Employed,Single,,752.0,Yes,9.0,52204.0,2.0,North,Yes,2023-05-22
CUST1223,68.0,Male,101357.0,Employed,,,638.0,,6.0,55494.0,,East,No,2023-04-15
CUST1224,28.0,Male,73888.0,Employed,,High School,320.0,,,68212.0,5.0,North,,2023-02-14
CUST1225,55.0,Other,11759.0,Unemployed,Divorced,High School,617.0,,9.0,42344.0,3.0,North,Yes,2023-07-08
CUST1226,18.0,,89148.0,Student,Single,High School,761.0,,5.0,9239.0,,South,,2022-03-31
CUST1227,19.0,,45954.0,,,,422.0,Yes,3.0,43185.0,2.0,North,No,2022-01-01
CUST1228,65.0,,116896.0,Employed,,,394.0,Yes,2.0,79417.0,0.0,,,2022-02-07
CUST1229,53.0,Male,74772.0,Unemployed,,,427.0,,5.0,76576.0,1.0,West,,2021-02-27
CUST1230,65.0,Male,99613.0,Unemployed,Widowed,,507.0,No,8.0,19506.0,0.0,South,No,2022-06-05
CUST1231,33.0,Female,94082.0,Unemployed,,Master,613.0,,0.0,18386.0,3.0,West,No,2021-07-29
CUST1232,65.0,,138575.0,Student,Widowed,,711.0,,,9603.0,4.0,West,No,2023-12-01
CUST1233,18.0,Female,117309.0,,Widowed,Master,836.0,,,75714.0,1.0,East,Yes,2023-03-27
CUST1234,18.0,Female,75455.0,Student,Single,High School,835.0,,9.0,76042.0,0.0,East,,2021-06-22
CUST1235,44.0,Female,122755.0,Self-employed,Single,High School,514.0,,,30363.0,5.0,South,,2021-08-22
CUST1236,39.0,Other,146727.0,Unemployed,Divorced,,576.0,,3.0,6515.0,1.0,,,2023-03-04
CUST1237,53.0,Other,57924.0,Self-employed,Widowed,High School,321.0,Yes,8.0,51418.0,4.0,East,No,2023-03-04
CUST1238,48.0,Female,78577.0,,,,529.0,No,5.0,68772.0,,East,,2023-11-29
CUST1239,49.0,,23350.0,Employed,Married,Bachelor,779.0,,0.0,47543.0,2.0,East,No,2021-04-29
CUST1240,,Male,62487.0,Employed,Divorced,Bachelor,624.0,,8.0,76154.0,0.0,West,Yes,2021-12-01
CUST1241,35.0,,142596.0,Student,Single,PhD,824.0,No,6.0,32672.0,3.0,South,,2021-11-20
CUST1242,18.0,,144092.0,,,,434.0,,2.0,5731.0,,West,No,2023-10-08
CUST1243,69.0,Other,42733.0,Self-employed,Divorced,PhD,813.0,No,1.0,82506.0,0.0,,No,2021-10-11
CUST1244,60.0,Male,37083.0,,Divorced,PhD,565.0,No,8.0,85158.0,,West,,2021-08-01
CUST1245,42.0,Male,24596.0,Student,Divorced,Bachelor,638.0,,9.0,5066.0,3.0,,,2023-07-18
CUST1246,48.0,,135150.0,Employed,Divorced,,658.0,Yes,6.0,59970.0,0.0,North,Yes,2023-01-22
CUST1247,22.0,,58874.0,,Married,Bachelor,780.0,,0.0,25923.0,4.0,North,,2021-12-05
CUST1248,48.0,Female,41575.0,,,PhD,497.0,,9.0,86417.0,4.0,,No,2023-11-12
CUST1249,20.0,Other,136267.0,Employed,,,436.0,,9.0,76833.0,3.0,,,2021-04-15
CUST1250,27.0,Other,32431.0,Self-employed,,PhD,414.0,No,1.0,18851.0,1.0,West,No,2023-02-09
CUST1251,33.0,,52520.0,Employed,Widowed,,453.0,No,1.0,82506.0,3.0,,Yes,2022-12-17
CUST1252,54.0,Female,,,,,384.0,Yes,8.0,10974.0,1.0,South,,2023-02-02
CUST1253,40.0,Female,55186.0,Self-employed,,,568.0,,9.0,66360.0,0.0,North,Yes,2022-01-14
CUST1254,21.0,Female,56542.0,Self-employed,Divorced,PhD,520.0,,,86010.0,1.0,North,,2022-12-14
CUST1255,68.0,Female,85897.0,Employed,Divorced,,436.0,No,4.0,31347.0,0.0,,,2021-08-13
CUST1256,50.0,Other,93559.0,,,Master,426.0,Yes,0.0,35480.0,0.0,,,2023-01-08
CUST1257,22.0,Other,97127.0,Student,,Bachelor,662.0,,,8084.0,5.0,East,Yes,2021-08-24
CUST1258,38.0,Female,51755.0,,Divorced,PhD,637.0,No,0.0,78762.0,2.0,East,,2021-07-02
CUST1259,27.0,,149777.0,Unemployed,Widowed,,773.0,,4.0,56322.0,0.0,,Yes,2022-12-13
CUST1260,64.0,Male,30953.0,,Single,Bachelor,742.0,Yes,2.0,48894.0,1.0,South,,2022-03-20
CUST1261,32.0,Male,109608.0,Student,Single,Bachelor,677.0,Yes,4.0,67320.0,2.0,East,,2022-09-15
CUST1262,49.0,,49499.0,Self-employed,,Bachelor,611.0,,7.0,40340.0,2.0,,,2023-10-27
CUST1263,25.0,Female,55084.0,Student,Married,Master,397.0,,8.0,27504.0,0.0,,,2023-01-19
CUST1264,22.0,Other,45488.0,Self-employed,,High School,782.0,,8.0,87508.0,3.0,South,,2021-06-04
CUST1265,32.0,Male,80316.0,Self-employed,,PhD,551.0,No,6.0,14837.0,3.0,South,,2021-09-14
CUST1266,45.0,,97312.0,Student,Single,High School,547.0,,,92939.0,4.0,West,,2021-08-23
CUST1267,19.0,,132720.0,Self-employed,Divorced,High School,392.0,No,6.0,88286.0,2.0,South,,2022-05-15
CUST1268,36.0,,57057.0,Self-employed,,High School,474.0,,7.0,61759.0,0.0,East,,2021-10-16
CUST1269,52.0,Female,104914.0,Unemployed,Divorced,Bachelor,394.0,,4.0,68212.0,5.0,East,No,2022-05-25
CUST1270,35.0,Male,142413.0,,Divorced,,351.0,No,8.0,50264.0,3.0,,,2022-12-10
CUST1271,42.0,Female,87454.0,,Married,Bachelor,372.0,,3.0,76138.0,5.0,,No,2023-02-24
CUST1272,19.0,Male,45367.0,,Divorced,Bachelor,784.0,,4.0,46850.0,0.0,South,,2023-06-13
CUST1273,35.0,,97833.0,,Single,,474.0,,4.0,30791.0,0.0,,,2023-02-15
CUST1274,36.0,,17906.0,Unemployed,Widowed,,396.0,,7.0,68772.0,2.0,North,No,2021-10-25
CUST1275,48.0,,104914.0,,Widowed,High School,536.0,Yes,2.0,57349.0,5.0,West,No,2021-05-17
CUST1276,23.0,Female,55028.0,Student,,Bachelor,804.0,No,0.0,12987.0,4.0,North,Yes,2022-01-11
CUST1277,68.0,,142351.0,Employed,,High School,547.0,No,9.0,74453.0,2.0,South,,2021-03-28
CUST1278,57.0,Female,104006.0,Employed,Single,,480.0,,9.0,41444.0,,South,,2022-03-13
CUST1279,49.0,,105081.0,Employed,Divorced,,427.0,,7.0,85428.0,5.0,North,Yes,2023-02-03
CUST1280,56.0,Other,66985.0,Unemployed,Widowed,PhD,512.0,Yes,0.0,45581.0,3.0,West,Yes,2022-12-03
CUST1281,55.0,Other,96206.0,Unemployed,Single,High School,318.0,,8.0,57091.0,3.0,North,,2023-07-31
CUST1282,34.0,Other,136678.0,Self-employed,Widowed,,843.0,,7.0,20240.0,3.0,,Yes,2021-06-01
CUST1283,56.0,Other,147612.0,Employed,Divorced,PhD,803.0,,0.0,33756.0,1.0,East,,2023-10-29
CUST1284,,Male,71268.0,Student,Widowed,Master,794.0,,6.0,34831.0,0.0,,Yes,2023-03-18
CUST1285,27.0,Other,142632.0,,,High School,568.0,,7.0,31347.0,2.0,,,2021-08-23
CUST1286,44.0,,124130.0,Student,,High School,789.0,No,8.0,12987.0,3.0,East,,2022-11-06
CUST1287,41.0,,71268.0,,,Master,436.0,,7.0,96563.0,,,,2022-07-15
CUST1288,66.0,Male,129771.0,Employed,,Master,539.0,No,8.0,89817.0,3.0,,,2021-02-07
CUST1289,39.0,Other,132720.0,Employed,Widowed,High School,630.0,,7.0,54556.0,4.0,,No,2023-04-02
CUST1290,47.0,Other,34826.0,Employed,Single,Master,813.0,,0.0,8956.0,0.0,South,,2022-02-25
CUST1291,46.0,Other,130307.0,Unemployed,,Bachelor,328.0,Yes,2.0,81106.0,5.0,,,2021-12-14
CUST1292,58.0,,15626.0,,Single,PhD,534.0,,5.0,51751.0,0.0,West,,2023-01-18
CUST1293,51.0,Female,105081.0,Unemployed,Single,PhD,793.0,,0.0,43220.0,5.0,North,Yes,2021-09-30
CUST1294,23.0,,53642.0,Unemployed,Widowed,PhD,436.0,,,13802.0,5.0,West,No,2021-11-04
CUST1295,32.0,Female,136209.0,,Single,Bachelor,582.0,,1.0,97588.0,2.0,North,,2023-09-03
CUST1296,42.0,Other,34860.0,Student,,Master,674.0,,2.0,11008.0,1.0,,Yes,2023-01-03
CUST1297,64.0,Other,78344.0,Student,Divorced,,460.0,,6.0,47814.0,5.0,,Yes,2023-10-30
CUST1298,68.0,,14853.0,Self-employed,,Master,779.0,,4.0,61344.0,5.0,North,Yes,2022-03-20
CUST1299,65.0,,138232.0,Unemployed,Divorced,High School,395.0,No,9.0,47598.0,2.0,West,No,2022-02-09
CUST1300,18.0,Female,12396.0,,Single,,360.0,Yes,0.0,92134.0,3.0,North,Yes,2023-05-03
CUST1301,,,59153.0,,Divorced,PhD,626.0,Yes,7.0,85863.0,4.0,,No,2023-02-17
CUST1302,64.0,Female,45367.0,,,Master,570.0,,0.0,77573.0,,South,,2021-04-25
CUST1303,28.0,,39430.0,Student,,,520.0,No,3.0,45025.0,2.0,,Yes,2021-03-06
CUST1304,21.0,,65337.0,Unemployed,Single,High School,573.0,,2.0,48254.0,1.0,South,,2023-04-05
CUST1305,53.0,Male,14425.0,Self-employed,Widowed,Bachelor,506.0,No,5.0,67217.0,2.0,,Yes,2021-08-27
CUST1306,48.0,,24596.0,Unemployed,Divorced,Bachelor,564.0,,6.0,25923.0,0.0,,,2021-10-29
CUST1307,25.0,Male,144055.0,Employed,Widowed,,787.0,No,3.0,22010.0,3.0,,,2023-08-27
CUST1308,57.0,,65337.0,Unemployed,Widowed,High School,546.0,No,8.0,65430.0,3.0,,Yes,2022-01-04
CUST1309,51.0,Female,28639.0,Employed,Married,PhD,488.0,No,3.0,20187.0,5.0,,,2021-08-21
CUST1310,35.0,Female,92711.0,Employed,Single,Master,520.0,Yes,0.0,17720.0,3.0,East,No,2021-07-14
CUST1311,64.0,Male,109616.0,Self-employed,,High School,770.0,No,6.0,40081.0,3.0,South,No,2023-06-26
CUST1312,32.0,Female,65029.0,,,Bachelor,607.0,,0.0,98309.0,3.0,South,Yes,2023-11-02
CUST1313,19.0,,127832.0,Student,,,780.0,,8.0,46850.0,3.0,East,No,2023-07-10
CUST1314,36.0,Other,132413.0,Unemployed,Single,,581.0,,4.0,92029.0,,West,No,2022-11-20
CUST1315,40.0,Male,95956.0,Employed,,Master,396.0,No,6.0,76916.0,1.0,South,,2021-06-26
CUST1316,49.0,Female,43039.0,Unemployed,,,827.0,,4.0,30791.0,5.0,North,Yes,2021-08-05
CUST1317,40.0,Male,133629.0,,Single,,843.0,,2.0,41444.0,3.0,,,2023-11-01
CUST1318,68.0,Male,60106.0,Student,,High School,722.0,,2.0,47614.0,5.0,,Yes,2022-09-22
CUST1319,27.0,Other,84744.0,,Widowed,PhD,795.0,Yes,4.0,34793.0,1.0,East,No,2021-06-13
CUST1320,65.0,,71268.0,Student,Divorced,Master,604.0,,2.0,35607.0,4.0,South,,2021-02-22
CUST1321,24.0,Male,140406.0,,Divorced,High School,539.0,No,6.0,40081.0,3.0,West,Yes,2021-08-06
CUST1322,52.0,Female,17657.0,Student,,PhD,316.0,,7.0,55906.0,5.0,South,Yes,2023-09-26
CUST1323,54.0,,125953.0,Self-employed,Married,High School,674.0,,,98368.0,2.0,,No,2023-04-04
CUST1324,56.0,Male,16368.0,,,,813.0,Yes,2.0,73472.0,5.0,,No,2022-01-20
CUST1325,36.0,Male,61226.0,Employed,,High School,708.0,,2.0,31478.0,3.0,North,Yes,2021-02-25
CUST1326,51.0,Other,118737.0,,,,640.0,,0.0,88286.0,0.0,East,No,2021-04-28
CUST1327,64.0,,84553.0,Self-employed,Widowed,PhD,498.0,,4.0,10974.0,,,No,2023-06-19
CUST1328,41.0,,45488.0,Unemployed,,Master,372.0,Yes,1.0,10730.0,2.0,West,No,2023-03-09
CUST1329,51.0,Female,15109.0,,Divorced,Master,702.0,Yes,5.0,93583.0,2.0,,No,2023-02-19
CUST1330,41.0,,40448.0,Employed,Widowed,PhD,408.0,,9.0,35734.0,0.0,,No,2023-10-13
CUST1331,45.0,Female,106731.0,Student,Single,,337.0,No,9.0,83291.0,3.0,West,,2023-03-14
CUST1332,34.0,,100093.0,Employed,,Bachelor,617.0,,3.0,31478.0,,,No,2023-04-25
CUST1333,62.0,Female,113320.0,Unemployed,,High School,827.0,No,2.0,77833.0,2.0,East,,2023-05-05
CUST1334,34.0,Other,58874.0,,Single,,718.0,,3.0,40081.0,,,Yes,2022-12-09
CUST1335,18.0,Other,51755.0,,,,798.0,,6.0,40340.0,2.0,South,,2021-01-22
CUST1336,51.0,Other,45488.0,,Single,PhD,427.0,No,1.0,70524.0,3.0,,,2023-04-23
CUST1337,32.0,Other,132720.0,,Widowed,High School,688.0,,5.0,42344.0,4.0,East,No,2021-07-11
CUST1338,57.0,,95553.0,,Divorced,Master,454.0,,4.0,55971.0,2.0,South,Yes,2023-10-16
CUST1339,52.0,,111332.0,,Single,Bachelor,423.0,,,15304.0,4.0,South,,2022-01-31
CUST1340,49.0,Female,71916.0,,Married,,565.0,,5.0,90761.0,2.0,,No,2023-10-28
CUST1341,20.0,Female,101748.0,Student,Single,Master,428.0,,5.0,25039.0,1.0,East,Yes,2022-10-02
CUST1342,49.0,Other,61474.0,Self-employed,,PhD,727.0,,,74322.0,3.0,,No,2023-10-16
CUST1343,30.0,Other,69676.0,,Widowed,High School,576.0,,7.0,60798.0,0.0,,No,2022-07-21
CUST1344,37.0,Male,131789.0,,,PhD,814.0,,4.0,62174.0,4.0,West,No,2021-08-19
CUST1345,64.0,,34826.0,Self-employed,Widowed,High School,704.0,Yes,0.0,90058.0,0.0,South,No,2023-05-24
CUST1346,36.0,,51755.0,Employed,,,824.0,No,3.0,12533.0,3.0,,No,2022-07-28
CUST1347,24.0,Female,35559.0,,Single,Bachelor,700.0,Yes,9.0,25039.0,5.0,South,No,2021-08-28
CUST1348,23.0,Male,60861.0,Student,Divorced,,438.0,No,2.0,57248.0,0.0,East,No,2021-03-31
CUST1349,19.0,Male,51873.0,,Married,,538.0,No,5.0,40081.0,3.0,North,,2021-08-20
CUST1350,33.0,Female,112665.0,,Widowed,PhD,463.0,,6.0,11869.0,0.0,,,2022-04-02
CUST1351,49.0,,64028.0,Unemployed,,Bachelor,651.0,No,9.0,11869.0,4.0,,,2021-08-21
CUST1352,64.0,Male,86218.0,Unemployed,,High School,713.0,Yes,9.0,75219.0,1.0,,No,2021-12-20
CUST1353,28.0,Male,64615.0,,,High School,380.0,Yes,,48129.0,0.0,South,No,2023-10-02
CUST1354,67.0,,85418.0,,Divorced,,827.0,,3.0,31140.0,4.0,East,,2022-03-15
CUST1355,38.0,,143541.0,Student,,Master,764.0,Yes,1.0,64123.0,2.0,West,,2021-12-11
CUST1356,38.0,Male,136267.0,Self-employed,Widowed,,698.0,,,89101.0,3.0,,,2022-10-26
CUST1357,62.0,,80316.0,Unemployed,Single,,603.0,No,1.0,75354.0,,East,,2022-10-19
CUST1358,46.0,Female,125374.0,Self-employed,,High School,470.0,Yes,4.0,65610.0,5.0,,,2021-05-10
CUST1359,54.0,Other,133395.0,Student,Divorced,PhD,824.0,No,5.0,83002.0,,West,No,2021-05-21
CUST1360,54.0,Male,75455.0,,Widowed,,436.0,Yes,6.0,30791.0,3.0,East,Yes,2022-02-19
CUST1361,61.0,,120091.0,,Widowed,,452.0,Yes,9.0,31299.0,1.0,North,Yes,2022-09-18
CUST1362,67.0,Female,36737.0,Self-employed,Widowed,,360.0,,2.0,,0.0,,Yes,2021-10-11
CUST1363,24.0,,31563.0,,Widowed,Bachelor,342.0,No,1.0,78762.0,1.0,South,Yes,2021-08-11
CUST1364,43.0,Female,58756.0,,,High School,411.0,Yes,3.0,64251.0,,East,No,2023-01-14
CUST1365,43.0,Male,12719.0,Employed,Widowed,PhD,338.0,,7.0,50747.0,5.0,East,Yes,2022-04-08
CUST1366,50.0,,144092.0,Self-employed,,Bachelor,738.0,No,4.0,26292.0,4.0,North,,2021-12-23
CUST1367,37.0,Other,111332.0,,Divorced,Master,321.0,No,7.0,49148.0,5.0,,,2023-11-13
CUST1368,46.0,Female,63276.0,Self-employed,,PhD,677.0,No,4.0,38073.0,3.0,,Yes,2023-05-09
CUST1369,49.0,Male,22857.0,,Widowed,,836.0,,0.0,8956.0,3.0,,,2022-10-27
CUST1370,44.0,,27602.0,,Married,PhD,588.0,,3.0,48129.0,1.0,South,,2023-10-12
CUST1371,63.0,,91121.0,Student,Married,PhD,452.0,No,9.0,72598.0,4.0,East,No,2021-03-26
CUST1372,49.0,Female,54547.0,Employed,Divorced,,417.0,Yes,7.0,67766.0,1.0,West,Yes,2022-09-13
CUST1373,21.0,Female,83506.0,,Single,PhD,621.0,Yes,6.0,43196.0,0.0,East,Yes,2023-11-21
CUST1374,64.0,Other,64028.0,Unemployed,Single,,538.0,,5.0,22065.0,2.0,South,No,2021-08-28
CUST1375,35.0,Other,96206.0,Unemployed,,,439.0,Yes,,61240.0,4.0,East,,2021-12-29
CUST1376,20.0,,93300.0,Employed,,High School,511.0,No,2.0,91126.0,2.0,North,No,2023-04-02
CUST1377,51.0,,141132.0,Student,,PhD,584.0,Yes,5.0,26045.0,5.0,East,No,2022-10-30
CUST1378,65.0,Male,81626.0,,Single,,706.0,No,9.0,35341.0,0.0,East,,2021-04-09
CUST1379,33.0,Male,112979.0,Self-employed,Married,PhD,344.0,Yes,5.0,40081.0,2.0,West,No,2021-02-16
CUST1380,60.0,,74772.0,Employed,Single,Master,618.0,,4.0,92939.0,,North,,2023-04-19
CUST1381,44.0,,88249.0,Student,,Master,344.0,,6.0,43417.0,5.0,North,,2022-02-26
CUST1382,46.0,,147612.0,Self-employed,Widowed,,346.0,,9.0,86533.0,2.0,East,No,2021-03-03
CUST1383,45.0,Other,32431.0,Unemployed,,High School,305.0,,4.0,43737.0,0.0,,,2023-10-07
CUST1384,62.0,Male,93186.0,Unemployed,Married,High School,811.0,,8.0,66078.0,2.0,West,,2022-08-21
CUST1385,69.0,Other,41598.0,Self-employed,Divorced,,698.0,,1.0,89518.0,3.0,East,No,2022-01-27
CUST1386,22.0,Other,44911.0,Employed,Divorced,,700.0,,2.0,47771.0,1.0,East,,2023-09-04
CUST1387,51.0,,142632.0,Unemployed,Widowed,Bachelor,630.0,No,1.0,56413.0,,South,,2023-12-12
CUST1388,57.0,,139948.0,,Married,,702.0,Yes,,76042.0,3.0,South,,2022-08-26
CUST1389,53.0,Female,16960.0,,Single,PhD,600.0,,8.0,15304.0,3.0,,Yes,2021-12-03
CUST1390,40.0,,145566.0,Self-employed,Single,,571.0,,3.0,76334.0,0.0,West,,2023-03-21
CUST1391,45.0,,79626.0,Self-employed,,Bachelor,737.0,No,,89101.0,1.0,,,2023-01-22
CUST1392,65.0,Other,60106.0,Unemployed,,,749.0,,,53849.0,1.0,South,No,2023-05-31
CUST1393,62.0,,142596.0,Employed,Single,,427.0,,0.0,16781.0,4.0,,,2022-09-27
CUST1394,69.0,Male,120616.0,,Divorced,,401.0,,2.0,26650.0,5.0,North,Yes,2021-09-11
CUST1395,47.0,Other,11622.0,Employed,,,636.0,,4.0,70756.0,,South,,2021-01-20
CUST1396,51.0,Male,57837.0,Student,Divorced,Bachelor,782.0,,6.0,35341.0,5.0,South,,2022-06-12
CUST1397,49.0,Female,46408.0,Student,,,690.0,No,1.0,51216.0,0.0,West,Yes,2022-01-11
CUST1398,68.0,Other,34354.0,,Widowed,High School,814.0,No,,52766.0,,,,2021-06-15
CUST1399,37.0,Female,62853.0,Unemployed,Single,PhD,755.0,Yes,1.0,76138.0,4.0,,,2023-05-11
CUST1400,48.0,Other,92503.0,Unemployed,,,780.0,,1.0,96717.0,2.0,South,Yes,2022-09-09
CUST1401,39.0,,142351.0,Unemployed,,Bachelor,676.0,Yes,3.0,11221.0,3.0,South,No,2022-09-04
CUST1402,49.0,,124130.0,,,Master,324.0,,9.0,83291.0,,West,,2022-05-18
CUST1403,19.0,,109608.0,Student,Single,High School,794.0,,2.0,60432.0,5.0,West,Yes,2023-07-02
CUST1404,34.0,Female,41575.0,Employed,,Master,514.0,,2.0,32464.0,3.0,,Yes,2021-03-20
CUST1405,41.0,,71246.0,,Single,,676.0,Yes,7.0,32672.0,0.0,,,2022-08-08
CUST1406,58.0,Other,66985.0,,,High School,713.0,,5.0,13876.0,5.0,North,,2022-11-19
CUST1407,47.0,,56600.0,Employed,Divorced,PhD,784.0,Yes,2.0,23690.0,2.0,,,2022-01-31
CUST1408,19.0,Male,11435.0,Unemployed,Widowed,,703.0,No,1.0,77572.0,0.0,North,Yes,2022-02-06
CUST1409,56.0,,50809.0,,Widowed,PhD,463.0,Yes,4.0,11470.0,2.0,East,No,2023-09-02
CUST1410,62.0,Male,112870.0,Employed,Single,,662.0,Yes,1.0,6375.0,2.0,South,,2021-08-12
CUST1411,40.0,,138177.0,Student,Married,Master,744.0,,4.0,26045.0,3.0,,Yes,2022-06-02
CUST1412,66.0,Male,15626.0,Self-employed,,High School,386.0,Yes,9.0,9603.0,0.0,,Yes,2022-09-26
CUST1413,48.0,Female,104006.0,Self-employed,,PhD,436.0,,9.0,27706.0,0.0,South,No,2021-08-24
CUST1414,63.0,,97955.0,,Single,Bachelor,440.0,,7.0,76139.0,,,Yes,2021-04-26
CUST1415,38.0,Other,135816.0,Self-employed,,PhD,776.0,Yes,4.0,22796.0,5.0,,Yes,2021-08-14
CUST1416,39.0,,138322.0,,Married,Bachelor,455.0,No,2.0,47422.0,0.0,,,2021-08-18
CUST1417,18.0,,99431.0,Unemployed,Divorced,,573.0,Yes,3.0,92939.0,,South,,2021-07-01
CUST1418,43.0,Other,114101.0,Student,,High School,600.0,Yes,4.0,32843.0,1.0,,,2021-07-29
CUST1419,58.0,Other,56167.0,,,PhD,544.0,Yes,9.0,57151.0,1.0,West,,2021-04-06
CUST1420,18.0,Male,80831.0,Student,Single,PhD,396.0,,1.0,95810.0,1.0,South,No,2023-06-13
CUST1421,42.0,Female,74288.0,Student,Single,High School,439.0,,6.0,76894.0,4.0,,,2023-01-26
CUST1422,33.0,Female,136944.0,Unemployed,,PhD,735.0,No,2.0,70066.0,0.0,,,2022-02-19
CUST1423,56.0,,77642.0,,Single,Bachelor,613.0,Yes,6.0,50760.0,4.0,East,,2022-01-29
CUST1424,49.0,Female,32431.0,Self-employed,Single,PhD,512.0,,8.0,76334.0,5.0,North,No,2022-11-27
CUST1425,25.0,,103106.0,Unemployed,Single,Master,317.0,,8.0,24581.0,0.0,,No,2023-04-24
CUST1426,59.0,Female,56600.0,,,,466.0,,1.0,85639.0,,East,Yes,2022-08-27
CUST1427,64.0,,12396.0,,Divorced,,584.0,No,8.0,66957.0,4.0,West,,2022-08-05
CUST1428,55.0,Female,33411.0,,Divorced,Bachelor,678.0,,5.0,66084.0,4.0,,,2021-05-13
CUST1429,45.0,,47641.0,,Single,Master,328.0,,9.0,32281.0,5.0,East,No,2023-03-02
CUST1430,58.0,Male,39241.0,,,,811.0,,7.0,40081.0,4.0,,,2022-10-11
CUST1431,42.0,,39711.0,Unemployed,Divorced,High School,629.0,,2.0,71677.0,2.0,South,,2021-08-09
CUST1432,51.0,Male,124682.0,,,Bachelor,653.0,,6.0,27092.0,,,,2023-09-03
CUST1433,66.0,Male,49986.0,,Divorced,,715.0,No,1.0,26638.0,1.0,East,No,2023-12-06
CUST1434,41.0,Male,133395.0,Student,Divorced,,517.0,Yes,5.0,97759.0,,,Yes,2023-02-27
CUST1435,40.0,Other,141132.0,Student,,,588.0,,1.0,83291.0,2.0,South,,2022-11-22
CUST1436,29.0,Other,37082.0,Employed,,High School,671.0,,5.0,17940.0,5.0,South,,2021-02-08
CUST1437,23.0,Male,95530.0,,,High School,814.0,,9.0,50264.0,5.0,,No,2022-11-21
CUST1438,52.0,,99563.0,Student,Single,Bachelor,689.0,,8.0,5515.0,0.0,East,Yes,2021-06-11
CUST1439,61.0,,93300.0,Employed,Widowed,PhD,358.0,Yes,8.0,92924.0,,,,2021-06-10
CUST1440,36.0,,37788.0,Student,Divorced,High School,625.0,Yes,9.0,84823.0,5.0,,,2023-12-14
CUST1441,,Female,55084.0,,Widowed,,813.0,No,9.0,78870.0,4.0,North,,2023-11-24
CUST1442,24.0,,63268.0,,,PhD,339.0,,4.0,10033.0,5.0,East,,2021-08-30
CUST1443,62.0,Other,62487.0,Self-employed,,Master,846.0,No,0.0,68212.0,5.0,North,No,2023-08-25
CUST1444,32.0,Male,103501.0,,,,582.0,No,9.0,70066.0,5.0,,,2023-06-09
CUST1445,30.0,Female,64028.0,Unemployed,Widowed,PhD,816.0,Yes,1.0,88434.0,5.0,,,2021-04-23
CUST1446,28.0,,12079.0,Student,,,324.0,,4.0,70497.0,1.0,,No,2023-10-11
CUST1447,67.0,Other,142997.0,Student,Single,PhD,703.0,,2.0,49439.0,1.0,East,No,2021-11-14
CUST1448,39.0,Other,36029.0,,,Master,474.0,No,4.0,48894.0,0.0,,,2021-01-23
CUST1449,31.0,Male,48709.0,Unemployed,Married,High School,517.0,Yes,,11221.0,5.0,,,2023-04-04
CUST1450,44.0,,67492.0,,Widowed,Master,751.0,,8.0,47422.0,,West,,2022-12-02
CUST1451,50.0,,100600.0,Unemployed,Married,High School,501.0,,,5066.0,2.0,South,No,2023-10-16
CUST1452,18.0,Other,113145.0,Self-employed,,High School,640.0,No,1.0,74806.0,0.0,,Yes,2023-12-04
CUST1453,48.0,Male,33051.0,Student,Single,,529.0,,6.0,65430.0,,South,,2021-05-08
CUST1454,39.0,,89273.0,Student,Divorced,,630.0,,6.0,61356.0,5.0,North,No,2023-05-26
CUST1455,38.0,,111358.0,Self-employed,,Master,683.0,,9.0,25039.0,3.0,,No,2021-06-07
CUST1456,67.0,Other,101748.0,Employed,,PhD,829.0,Yes,2.0,54646.0,5.0,North,,2023-04-07
CUST1457,41.0,,142079.0,,,Master,749.0,,4.0,92939.0,1.0,,Yes,2023-05-02
CUST1458,38.0,,35559.0,Self-employed,Single,,422.0,Yes,6.0,22558.0,2.0,South,,2022-05-27
CUST1459,38.0,,128865.0,,Widowed,High School,780.0,,5.0,73968.0,4.0,South,Yes,2021-02-14
CUST1460,65.0,Other,74929.0,,Married,,555.0,No,9.0,55210.0,2.0,,Yes,2021-08-07
CUST1461,68.0,Other,33051.0,Student,Married,Bachelor,702.0,,5.0,80163.0,4.0,,,2022-03-19
CUST1462,58.0,Female,129771.0,,Married,Bachelor,669.0,Yes,2.0,14265.0,2.0,West,No,2021-11-11
CUST1463,22.0,,91994.0,Unemployed,Widowed,PhD,501.0,,7.0,65758.0,1.0,West,No,2021-06-26
CUST1464,31.0,Male,131300.0,,,,702.0,Yes,8.0,57151.0,4.0,,No,2021-08-16
CUST1465,59.0,,115423.0,,Single,PhD,794.0,Yes,4.0,17720.0,,,Yes,2021-09-24
CUST1466,53.0,Female,16640.0,Student,Widowed,PhD,433.0,Yes,9.0,65610.0,4.0,,No,2023-05-20
CUST1467,49.0,Male,41575.0,Self-employed,Married,Bachelor,411.0,,1.0,96321.0,0.0,,,2023-04-18
CUST1468,24.0,Female,34354.0,,,PhD,306.0,No,3.0,42038.0,,North,Yes,2022-05-04
CUST1469,69.0,Other,92711.0,Student,Divorced,Bachelor,463.0,No,3.0,63502.0,0.0,,Yes,2022-12-03
CUST1470,60.0,,21344.0,,Widowed,High School,613.0,No,3.0,20511.0,5.0,,Yes,2022-11-18
CUST1471,60.0,Male,122755.0,Employed,Widowed,,360.0,Yes,6.0,14190.0,2.0,West,Yes,2023-09-23
CUST1472,21.0,Male,71550.0,Employed,Single,PhD,840.0,,7.0,39650.0,,,,2021-12-23
CUST1473,55.0,Male,16154.0,Unemployed,Single,Bachelor,469.0,Yes,7.0,12235.0,2.0,,No,2023-05-22
CUST1474,20.0,Male,53001.0,Student,Widowed,Master,810.0,No,4.0,78324.0,5.0,,,2021-07-23
CUST1475,22.0,Male,149777.0,Employed,Married,PhD,344.0,No,4.0,19605.0,3.0,North,No,2022-07-06
CUST1476,61.0,Female,116896.0,Self-employed,Divorced,,579.0,,7.0,7795.0,2.0,North,,2021-11-19
CUST1477,48.0,,111358.0,Student,Single,High School,744.0,Yes,2.0,7795.0,5.0,North,,2022-08-17
CUST1478,68.0,Other,110734.0,Self-employed,Married,High School,383.0,,4.0,77095.0,2.0,North,,2021-06-30
CUST1479,46.0,Other,50809.0,Self-employed,,Master,614.0,,2.0,35063.0,5.0,East,,2022-05-14
CUST1480,63.0,Other,93691.0,Employed,Single,Bachelor,503.0,No,9.0,74453.0,0.0,,,2021-03-24
CUST1481,51.0,Other,142413.0,Student,Married,PhD,780.0,,,6378.0,5.0,South,Yes,2021-10-30
CUST1482,56.0,Female,138575.0,,Married,Bachelor,408.0,Yes,5.0,7841.0,4.0,,Yes,2021-09-19
CUST1483,68.0,,96123.0,,Divorced,High School,808.0,Yes,8.0,62174.0,3.0,East,,2023-02-23
CUST1484,32.0,,137118.0,Employed,Divorced,Bachelor,332.0,No,9.0,26650.0,2.0,North,,2023-07-03
CUST1485,29.0,Male,30581.0,Employed,,High School,368.0,No,4.0,77572.0,5.0,East,,2022-11-23
CUST1486,66.0,,64615.0,,Married,Bachelor,436.0,Yes,7.0,27504.0,5.0,West,No,2023-08-02
CUST1487,58.0,Other,35559.0,Student,,Master,602.0,Yes,5.0,13802.0,2.0,West,,2022-11-14
CUST1488,46.0,,65337.0,Student,Married,,713.0,No,5.0,52204.0,3.0,,,2022-11-20
CUST1489,35.0,,78760.0,Self-employed,Divorced,Master,613.0,Yes,0.0,68851.0,3.0,,,2022-01-31
CUST1490,33.0,Male,43320.0,,,Master,578.0,,9.0,64658.0,5.0,South,,2023-04-19
CUST1491,35.0,Male,59153.0,,Single,,684.0,No,7.0,49414.0,,South,,2023-05-28
CUST1492,44.0,,67134.0,Student,Single,,324.0,Yes,8.0,67320.0,0.0,West,No,2023-04-03
CUST1493,42.0,,143789.0,Self-employed,Widowed,PhD,309.0,No,7.0,5490.0,3.0,North,,2021-02-18
CUST1494,53.0,Other,25048.0,Employed,Divorced,PhD,600.0,,4.0,74322.0,3.0,East,No,2023-02-28
CUST1495,42.0,Male,122360.0,Unemployed,Widowed,Master,582.0,No,1.0,74322.0,1.0,South,No,2021-10-20
CUST1496,69.0,,121496.0,,,Master,600.0,No,,25918.0,4.0,,,2022-06-20
CUST1497,39.0,Female,142351.0,Employed,Divorced,High School,637.0,,2.0,58473.0,3.0,South,No,2021-11-07
CUST1498,25.0,Female,61195.0,Student,,High School,761.0,,1.0,20511.0,0.0,North,Yes,2022-06-21
CUST1499,28.0,,51844.0,,Married,PhD,610.0,Yes,,78324.0,4.0,North,Yes,2022-10-01
CUST1500,69.0,Other,146848.0,Unemployed,,,594.0,,1.0,16695.0,4.0,,Yes,2021-08-22
CUST1501,,Female,71665.0,Unemployed,,,428.0,No,2.0,57349.0,2.0,East,,2022-08-28
CUST1502,,Male,29623.0,Self-employed,Divorced,PhD,795.0,Yes,6.0,64872.0,2.0,North,Yes,2021-04-04
CUST1503,63.0,,60106.0,,,High School,675.0,,7.0,57949.0,2.0,South,,2021-11-23
CUST1504,50.0,,56600.0,Self-employed,Married,High School,754.0,Yes,1.0,22796.0,2.0,South,,2021-08-13
CUST1505,48.0,,100093.0,Employed,Single,,511.0,Yes,4.0,6462.0,1.0,West,Yes,2023-08-25
CUST1506,64.0,,34354.0,,Single,Bachelor,463.0,,8.0,27499.0,3.0,North,No,2023-06-09
CUST1507,41.0,,121785.0,,,Bachelor,761.0,Yes,9.0,68212.0,2.0,,,2021-01-11
CUST1508,56.0,,40678.0,,Widowed,High School,408.0,,3.0,35480.0,5.0,,,2023-11-02
CUST1509,61.0,,103106.0,,Divorced,Bachelor,395.0,,4.0,93658.0,,East,Yes,2021-02-04
CUST1510,69.0,,67492.0,,Divorced,,614.0,,2.0,99658.0,2.0,,,2022-03-23
CUST1511,,,115423.0,Employed,Single,PhD,316.0,No,8.0,88232.0,3.0,,No,2022-03-17
CUST1512,32.0,,18712.0,Self-employed,,PhD,702.0,Yes,4.0,19745.0,2.0,South,No,2022-10-15
CUST1513,55.0,Female,99431.0,,Married,High School,338.0,No,5.0,71727.0,1.0,,Yes,2022-08-18
CUST1514,21.0,Other,66985.0,Self-employed,,Master,779.0,No,7.0,64872.0,0.0,,,2021-08-17
CUST1515,38.0,Other,43662.0,,,,755.0,Yes,8.0,18798.0,0.0,South,,2021-12-10
CUST1516,45.0,Other,75160.0,Self-employed,,High School,568.0,,5.0,92593.0,3.0,South,,2023-09-16
CUST1517,19.0,,35510.0,Unemployed,Single,Bachelor,453.0,Yes,4.0,31478.0,5.0,South,,2023-06-28
CUST1518,28.0,,136267.0,Self-employed,Single,,642.0,No,,74322.0,0.0,South,,2022-06-11
CUST1519,42.0,Female,129771.0,,Single,Master,807.0,No,0.0,66431.0,0.0,South,,2021-03-16
CUST1520,32.0,Other,128865.0,Unemployed,,Bachelor,480.0,,,65973.0,,West,Yes,2021-07-15
CUST1521,67.0,Other,117309.0,Self-employed,Widowed,,720.0,Yes,7.0,85158.0,3.0,,No,2021-01-29
CUST1522,53.0,,71268.0,,,Bachelor,751.0,No,8.0,29648.0,5.0,,,2022-12-07
CUST1523,38.0,,40678.0,,,,502.0,,8.0,5798.0,3.0,West,Yes,2023-10-18
CUST1524,45.0,Other,137015.0,,Divorced,,310.0,No,7.0,64213.0,0.0,West,,2021-01-16
CUST1525,30.0,Female,115423.0,Student,Married,,427.0,No,5.0,34863.0,0.0,North,,2023-03-16
CUST1526,44.0,Female,26725.0,Employed,Widowed,,506.0,,0.0,62608.0,0.0,North,No,2023-07-29
CUST1527,21.0,Other,142632.0,,Divorced,,637.0,,4.0,45581.0,4.0,North,,2023-08-25
CUST1528,63.0,,136944.0,Unemployed,,,506.0,No,9.0,29648.0,1.0,East,Yes,2021-08-17
CUST1529,65.0,Female,42733.0,,Single,,438.0,No,2.0,56415.0,2.0,North,Yes,2023-08-20
CUST1530,46.0,,115373.0,Student,,,538.0,,,31928.0,1.0,,No,2022-12-16
CUST1531,62.0,Female,146156.0,,,Bachelor,625.0,Yes,,24023.0,3.0,West,Yes,2023-09-11
CUST1532,68.0,Male,21344.0,Unemployed,Married,,452.0,Yes,3.0,52645.0,,,,2022-07-27
CUST1533,21.0,Male,62307.0,Student,,Bachelor,390.0,No,0.0,5515.0,2.0,,Yes,2022-09-07
CUST1534,28.0,,104914.0,,Widowed,,811.0,No,2.0,85863.0,,North,Yes,2021-11-22
CUST1535,32.0,Other,142596.0,Unemployed,Widowed,,469.0,Yes,,92593.0,5.0,East,Yes,2023-05-25
CUST1536,42.0,,146156.0,Self-employed,Married,,594.0,,2.0,32843.0,4.0,,,2021-12-25
CUST1537,42.0,,133395.0,Employed,Divorced,Master,719.0,,9.0,88168.0,3.0,East,,2021-11-20
CUST1538,64.0,,33236.0,Employed,Divorced,,641.0,,4.0,64213.0,4.0,,Yes,2021-06-14
CUST1539,37.0,,18712.0,Student,Widowed,,450.0,,8.0,5463.0,3.0,West,No,2023-03-09
CUST1540,55.0,,43662.0,,Widowed,,417.0,,2.0,50203.0,,,,2022-03-31
CUST1541,52.0,,131826.0,Employed,Single,PhD,675.0,,,11221.0,,South,No,2021-07-12
CUST1542,49.0,Female,17906.0,,Divorced,,402.0,,5.0,65973.0,,,Yes,2022-09-19
CUST1543,46.0,Male,111358.0,,Married,Master,447.0,,0.0,14190.0,3.0,North,No,2022-06-14
CUST1544,53.0,,109616.0,Student,Divorced,PhD,386.0,,7.0,45205.0,0.0,South,Yes,2023-10-31
CUST1545,39.0,Female,130900.0,Student,Single,High School,735.0,,1.0,16772.0,,East,,2021-04-02
CUST1546,26.0,Male,79298.0,Student,,High School,691.0,,6.0,67712.0,4.0,West,No,2021-05-19
CUST1547,21.0,Other,11759.0,Employed,Widowed,Master,843.0,Yes,6.0,56415.0,5.0,West,No,2022-04-26
CUST1548,52.0,,84744.0,Student,Widowed,,793.0,,1.0,90961.0,2.0,East,Yes,2022-03-25
CUST1549,50.0,Male,139948.0,Employed,Single,Bachelor,713.0,,2.0,40340.0,3.0,North,Yes,2023-05-19
CUST1550,68.0,Other,67134.0,Student,Married,Master,346.0,,0.0,48129.0,4.0,East,,2021-12-06
CUST1551,47.0,Male,96123.0,,Widowed,PhD,666.0,,2.0,34320.0,1.0,,Yes,2023-12-12
CUST1552,26.0,,86898.0,,,PhD,533.0,,9.0,90761.0,5.0,North,Yes,2022-04-11
CUST1553,35.0,,34574.0,Student,Widowed,,827.0,,9.0,86441.0,1.0,South,,2022-12-19
CUST1554,48.0,Female,33510.0,Unemployed,,High School,808.0,No,9.0,74322.0,2.0,East,Yes,2023-03-10
CUST1555,,,74929.0,,Single,PhD,793.0,,7.0,72598.0,0.0,North,Yes,2022-04-20
CUST1556,21.0,Male,12198.0,,Single,Master,381.0,,0.0,90761.0,,South,,2022-02-05
CUST1557,61.0,Male,51873.0,Student,Widowed,PhD,751.0,,1.0,13876.0,3.0,East,,2022-08-28
CUST1558,20.0,Other,147612.0,Self-employed,Divorced,Master,370.0,,9.0,34709.0,4.0,West,,2023-07-21
CUST1559,32.0,,64771.0,Student,,Bachelor,836.0,Yes,9.0,67320.0,,East,Yes,2023-09-24
CUST1560,40.0,Male,126953.0,,Married,,640.0,Yes,2.0,33091.0,4.0,,Yes,2023-07-11
CUST1561,32.0,,85713.0,Unemployed,Widowed,High School,317.0,Yes,3.0,86788.0,3.0,East,,2023-04-01
CUST1562,18.0,Male,143541.0,,Married,PhD,710.0,,,65758.0,1.0,,,2022-10-19
CUST1563,65.0,Female,130900.0,Unemployed,Widowed,Master,689.0,,5.0,10515.0,,South,,2022-08-21
CUST1564,44.0,,79346.0,Employed,Divorced,,782.0,No,8.0,75714.0,2.0,East,No,2022-05-29
CUST1565,48.0,Male,47641.0,,Divorced,High School,383.0,Yes,5.0,49414.0,0.0,South,Yes,2023-10-27
CUST1566,43.0,,71665.0,,Divorced,Bachelor,319.0,,7.0,14095.0,2.0,South,No,2022-05-15
CUST1567,36.0,Female,71268.0,Student,,Master,625.0,,2.0,56137.0,0.0,North,No,2022-12-18
CUST1568,40.0,Male,84859.0,Employed,Divorced,,439.0,,4.0,92029.0,5.0,South,,2022-08-24
CUST1569,28.0,Other,60106.0,,Single,,656.0,Yes,9.0,66826.0,4.0,South,Yes,2022-10-28
CUST1570,66.0,,93807.0,Student,Single,Bachelor,638.0,No,0.0,54556.0,,East,Yes,2022-04-13
CUST1571,51.0,Male,67660.0,Self-employed,,Bachelor,309.0,No,2.0,9239.0,,East,,2021-06-10
CUST1572,49.0,Female,39192.0,Student,,,634.0,,0.0,74453.0,5.0,West,No,2021-09-27
CUST1573,49.0,Other,45737.0,Unemployed,Married,PhD,588.0,No,8.0,68382.0,0.0,North,,2023-12-16
CUST1574,67.0,Female,86898.0,Unemployed,Widowed,PhD,386.0,Yes,3.0,92593.0,1.0,South,,2021-08-16
CUST1575,59.0,Female,30581.0,Self-employed,Widowed,Master,834.0,,5.0,97588.0,3.0,North,Yes,2023-04-29
CUST1576,53.0,Other,51873.0,Employed,,,582.0,,,8729.0,2.0,,,2021-05-29
CUST1577,28.0,Female,30581.0,,Single,Master,710.0,,8.0,47614.0,5.0,South,,2023-12-06
CUST1578,19.0,Other,136944.0,Student,Widowed,,713.0,No,8.0,93658.0,4.0,North,Yes,2022-09-24
CUST1579,,Male,71681.0,Unemployed,Single,Bachelor,494.0,,5.0,50201.0,5.0,West,,2022-02-17
CUST1580,49.0,Other,57638.0,Employed,,High School,372.0,,8.0,34831.0,2.0,West,,2022-06-04
CUST1581,56.0,Other,74881.0,Self-employed,Married,Master,751.0,,4.0,27092.0,2.0,South,No,2022-01-22
CUST1582,26.0,,56542.0,,,Master,755.0,,4.0,6129.0,4.0,,Yes,2021-10-02
CUST1583,59.0,Other,144092.0,Unemployed,,,595.0,,6.0,80242.0,4.0,West,,2021-12-19
CUST1584,60.0,Other,94082.0,Self-employed,Divorced,Bachelor,381.0,,6.0,86720.0,,West,,2023-12-26
CUST1585,45.0,Male,89273.0,Student,Divorced,Bachelor,602.0,No,4.0,35607.0,2.0,,No,2022-08-21
CUST1586,29.0,,11622.0,,Divorced,,340.0,,1.0,74806.0,3.0,North,,2022-07-12
CUST1587,28.0,,49499.0,Unemployed,,Bachelor,776.0,Yes,3.0,59962.0,3.0,West,,2021-04-23
CUST1588,47.0,Male,46408.0,Unemployed,Widowed,,349.0,No,0.0,19175.0,0.0,East,,2021-05-21
CUST1589,62.0,Male,48709.0,Student,Married,PhD,788.0,,3.0,38139.0,5.0,,No,2022-12-31
CUST1590,18.0,,94458.0,,Divorced,,440.0,,7.0,66957.0,4.0,,,2022-08-12
CUST1591,67.0,Other,143052.0,Employed,,High School,480.0,Yes,8.0,81946.0,,West,,2022-02-15
CUST1592,66.0,Female,69676.0,,,Master,346.0,No,,74876.0,3.0,North,Yes,2022-01-12
CUST1593,51.0,,23350.0,Unemployed,Divorced,High School,582.0,,8.0,78717.0,1.0,North,Yes,2023-01-21
CUST1594,39.0,Female,143052.0,,Divorced,Master,799.0,,3.0,70524.0,,South,No,2022-09-19
CUST1595,33.0,,138386.0,Unemployed,Married,PhD,839.0,No,4.0,62174.0,,East,,2023-09-22
CUST1596,42.0,Male,142596.0,,Divorced,Bachelor,735.0,,9.0,7841.0,3.0,North,Yes,2022-12-04
CUST1597,24.0,Male,72768.0,Self-employed,Married,,713.0,,5.0,98309.0,1.0,,No,2022-04-07
CUST1598,45.0,,106731.0,Unemployed,,,565.0,,7.0,10033.0,0.0,East,,2021-01-12
CUST1599,42.0,Male,120616.0,,Divorced,,396.0,,4.0,35232.0,3.0,,,2022-04-22
